[
    {
        "name": "Blue Sky",
        "md5": "e7c147730f19d284bcd7b3f00af19bb6.svg",
        "type": "backdrop",
        "tags": [],
        "info": [
            480,
            360,
            1
        ]
    },
    {
        "name": "Blue Sky 2",
        "md5": "ba427e8c539997f6b7a598f2a78306ca.svg",
        "type": "backdrop",
        "tags": [],
        "info": [
            480,
            360,
            1
        ]
    },
    {
        "name": "Blue Sky3",
        "md5": "5a0159578408d7da9bac6d2379cabfe1.svg",
        "type": "backdrop",
        "tags": [],
        "info": [
            480,
            360,
            1
        ]
    },
    {
        "name": "Circles",
        "md5": "4e29033ec2b891a8f1ca21242811d403.svg",
        "type": "backdrop",
        "tags": [],
        "info": [
            480,
            360,
            1
        ]
    },
    {
        "name": "Hearts1",
        "md5": "4bfd6a761ff985e342acbf2e07f63526.svg",
        "type": "backdrop",
        "tags": [],
        "info": [
            480,
            360,
            1
        ]
    },
    {
        "name": "Hearts2",
        "md5": "b6602e32d55ed75eaea1b646f61b6c17.svg",
        "type": "backdrop",
        "tags": [],
        "info": [
            480,
            360,
            1
        ]
    },
    {
        "name": "Light",
        "md5": "4b98c07876ed8997c3762e75790507b4.svg",
        "type": "backdrop",
        "tags": [],
        "info": [
            480,
            360,
            1
        ]
    },
    {
        "name": "Party",
        "md5": "108160d0e44d1c340182e31c9dc0758a.svg",
        "type": "backdrop",
        "tags": [],
        "info": [
            480,
            360,
            1
        ]
    },
    {
        "name": "Purple",
        "md5": "b16a7870ab4287f0f46816b3c5061c9f.svg",
        "type": "backdrop",
        "tags": [],
        "info": [
            480,
            360,
            1
        ]
    },
    {
        "name": "Rays",
        "md5": "87e963282db9e020e8c4d075891ea12b.svg",
        "type": "backdrop",
        "tags": [],
        "info": [
            480,
            360,
            1
        ]
    },
    {
        "name": "Space",
        "md5": "b579aeeb143e79c47e2e65cbd3c0fe36.svg",
        "type": "backdrop",
        "tags": [],
        "info": [
            480,
            360,
            1
        ]
    },
    {
        "name": "Spotlight-stage2",
        "md5": "12288218b23a264c84bd3c22bd03e90a.svg",
        "type": "backdrop",
        "tags": [],
        "info": [
            480,
            360,
            1
        ]
    },
    {
        "name": "Stripes",
        "md5": "a6a21f5c08d586e8daaebde37c97fb6f.svg",
        "type": "backdrop",
        "tags": [],
        "info": [
            480,
            360,
            1
        ]
    },
    {
        "name": "Winter",
        "md5": "5fa9385a60b904672d0e46e9d768bb32.svg",
        "type": "backdrop",
        "tags": [],
        "info": [
            480,
            360,
            1
        ]
    },
    {
        "name": "Winter-lights",
        "md5": "381f471693238611a1b54da4e771637a.svg",
        "type": "backdrop",
        "tags": [],
        "info": [
            480,
            360,
            1
        ]
    }
]