[
    {
        "name": "Abby-a",
        "md5": "afab2d2141e9811bd89e385e9628cb5f.svg",
        "type": "costume",
        "tags": [],
        "info": [
            31,
            100,
            1
        ]
    },
    {
        "name": "Abby-b",
        "md5": "1e0116c7c2e5e80c679d0b33f1f5cfb7.svg",
        "type": "costume",
        "tags": [],
        "info": [
            31,
            100,
            1
        ]
    },
    {
        "name": "Abby-c",
        "md5": "b6e23922f23b49ddc6f62f675e77417c.svg",
        "type": "costume",
        "tags": [],
        "info": [
            32,
            100,
            1
        ]
    },
    {
        "name": "Abby-d",
        "md5": "2193cf08f74b8354f7c4fac37a06ea24.svg",
        "type": "costume",
        "tags": [],
        "info": [
            31,
            100,
            1
        ]
    },
    {
        "name": "Apple",
        "md5": "831ccd4741a7a56d85f6698a21f4ca69.svg",
        "type": "costume",
        "tags": [],
        "info": [
            31,
            31,
            1
        ]
    },
    {
        "name": "Arrow1-a",
        "md5": "62f8794dd120e9b4ead4d098d50fc64b.svg",
        "type": "costume",
        "tags": [],
        "info": [
            28,
            23,
            1
        ]
    },
    {
        "name": "Arrow1-b",
        "md5": "a157dc7e33d7c7a048af933de999e397.svg",
        "type": "costume",
        "tags": [],
        "info": [
            28,
            23,
            1
        ]
    },
    {
        "name": "Arrow1-c",
        "md5": "d3b389e91f7beb22b2b1a80af09990ee.svg",
        "type": "costume",
        "tags": [],
        "info": [
            23,
            28,
            1
        ]
    },
    {
        "name": "Arrow1-d",
        "md5": "412717ff731e9f19003a5840054057eb.svg",
        "type": "costume",
        "tags": [],
        "info": [
            23,
            28,
            1
        ]
    },
    {
        "name": "Ball-a",
        "md5": "10117ddaefa98d819f2b1df93805622f.svg",
        "type": "costume",
        "tags": [],
        "info": [
            22,
            22,
            1
        ]
    },
    {
        "name": "Ball-b",
        "md5": "6e6330cad7750ea7e9dc88402661deb8.svg",
        "type": "costume",
        "tags": [],
        "info": [
            22,
            22,
            1
        ]
    },
    {
        "name": "Ball-c",
        "md5": "bb45ed5db278f15c17c012c34a6b160f.svg",
        "type": "costume",
        "tags": [],
        "info": [
            22,
            22,
            1
        ]
    },
    {
        "name": "Ball-d",
        "md5": "5d494659deae5c0de06b5885f5524276.svg",
        "type": "costume",
        "tags": [],
        "info": [
            22,
            22,
            1
        ]
    },
    {
        "name": "Ball-e",
        "md5": "e80c98bc62fd32e8df81642af11ffb1a.svg",
        "type": "costume",
        "tags": [],
        "info": [
            22,
            22,
            1
        ]
    },
    {
        "name": "Balloon1-a",
        "md5": "bc96a1fb5fe794377acd44807e421ce2.svg",
        "type": "costume",
        "tags": [],
        "info": [
            32,
            94,
            1
        ]
    },
    {
        "name": "Balloon1-b",
        "md5": "d7bb51d9c38af6314bd2b4058d2a592d.svg",
        "type": "costume",
        "tags": [],
        "info": [
            31,
            94,
            1
        ]
    },
    {
        "name": "Balloon1-c",
        "md5": "247cef27b665d77d9efaca69327cae77.svg",
        "type": "costume",
        "tags": [],
        "info": [
            31,
            94,
            1
        ]
    },
    {
        "name": "Bananas",
        "md5": "40bb8a1afe88cec78254f6fcfee98242.svg",
        "type": "costume",
        "tags": [],
        "info": [
            36,
            37,
            1
        ]
    },
    {
        "name": "Baseball",
        "md5": "6e13ef53885d2cfca9a54cc5c3f6c20f.svg",
        "type": "costume",
        "tags": [],
        "info": [
            34,
            31,
            1
        ]
    },
    {
        "name": "Basketball",
        "md5": "ac3432618ac868309f502024aa78423c.svg",
        "type": "costume",
        "tags": [],
        "info": [
            36,
            39,
            1
        ]
    },
    {
        "name": "Bass",
        "md5": "bdbd2876847e54309a5ff3ee0895d724.svg",
        "type": "costume",
        "tags": [],
        "info": [
            60,
            110,
            1
        ]
    },
    {
        "name": "Bat1-a ",
        "md5": "7ad915f8e0884f497a24d5bb61ea8a4a.svg",
        "type": "costume",
        "tags": [],
        "info": [
            75,
            75,
            1
        ]
    },
    {
        "name": "Bat1-b ",
        "md5": "f127434672b872a902346ef3c1af45f2.svg",
        "type": "costume",
        "tags": [],
        "info": [
            75,
            75,
            1
        ]
    },
    {
        "name": "Bat2-a ",
        "md5": "647d4bd53163f94a7dabf623ccab7fd3.svg",
        "type": "costume",
        "tags": [],
        "info": [
            75,
            75,
            1
        ]
    },
    {
        "name": "Bat2-b ",
        "md5": "8aa1d20e4f7761becbe9bafa75290465.svg",
        "type": "costume",
        "tags": [],
        "info": [
            75,
            75,
            1
        ]
    },
    {
        "name": "Beachball",
        "md5": "87d64cab74c64b31498cc85f07510ee4.svg",
        "type": "costume",
        "tags": [],
        "info": [
            34,
            33,
            1
        ]
    },
    {
        "name": "Beetle",
        "md5": "e1ce8f153f011fdd52486c91c6ed594d.svg",
        "type": "costume",
        "tags": [],
        "info": [
            43,
            38,
            1
        ]
    },
    {
        "name": "Bell1",
        "md5": "f35056c772395455d703773657e1da6e.svg",
        "type": "costume",
        "tags": [],
        "info": [
            59,
            69,
            1
        ]
    },
    {
        "name": "Building-a",
        "md5": "d713270e235851e5962becd73a951771.svg",
        "type": "costume",
        "tags": [],
        "info": [
            40,
            30,
            1
        ]
    },
    {
        "name": "Building-b",
        "md5": "8c2d59c50a97d33b096f629258f02be6.svg",
        "type": "costume",
        "tags": [],
        "info": [
            46,
            -11,
            1
        ]
    },
    {
        "name": "Building-c",
        "md5": "7f3f51f495c39809bed95991dfa1f80d.svg",
        "type": "costume",
        "tags": [],
        "info": [
            25,
            17,
            1
        ]
    },
    {
        "name": "Building-d",
        "md5": "bbe68ab80b36e4c71f4e28414c7f781e.svg",
        "type": "costume",
        "tags": [],
        "info": [
            59,
            -10,
            1
        ]
    },
    {
        "name": "Building-e",
        "md5": "1beeb8f034a1128c9a799297b0b7fc26.svg",
        "type": "costume",
        "tags": [],
        "info": [
            36,
            55,
            1
        ]
    },
    {
        "name": "Building-f",
        "md5": "451e0a565e95d945fe2addfe609ee9df.svg",
        "type": "costume",
        "tags": [],
        "info": [
            41,
            27,
            1
        ]
    },
    {
        "name": "Building-g",
        "md5": "58b3c9b7a41dde698fa2b427b502c1fa.svg",
        "type": "costume",
        "tags": [],
        "info": [
            64,
            -65,
            1
        ]
    },
    {
        "name": "Building-h",
        "md5": "e952c8b14eeac894302d07d37a45ed99.svg",
        "type": "costume",
        "tags": [],
        "info": [
            33,
            136,
            1
        ]
    },
    {
        "name": "Building-i",
        "md5": "b00b1123e3bfcb600242528d059ffcfb.svg",
        "type": "costume",
        "tags": [],
        "info": [
            31,
            -12,
            1
        ]
    },
    {
        "name": "Building-j",
        "md5": "e08fd1a7397efcfe0e3691f945693cb4.svg",
        "type": "costume",
        "tags": [],
        "info": [
            29,
            33,
            1
        ]
    },
    {
        "name": "Butterfly1-a",
        "md5": "836d4cc7889f4a1cbcb0303934f31f79.svg",
        "type": "costume",
        "tags": [],
        "info": [
            75,
            75,
            1
        ]
    },
    {
        "name": "Butterfly1-b ",
        "md5": "55dd0671a359d7c35f7b78f4176660e8.svg",
        "type": "costume",
        "tags": [],
        "info": [
            75,
            75,
            1
        ]
    },
    {
        "name": "Butterfly2 ",
        "md5": "a0216895beade6afc6d42bd5bb43faea.svg",
        "type": "costume",
        "tags": [],
        "info": [
            75,
            75,
            1
        ]
    },
    {
        "name": "Butterfly3 ",
        "md5": "8907a43cf08b0a9134969023be2074c5.svg",
        "type": "costume",
        "tags": [],
        "info": [
            75,
            75,
            1
        ]
    },
    {
        "name": "Button1",
        "md5": "7ef67c5bc8cf7df64fdb3b1d6b250f71.svg",
        "type": "costume",
        "tags": [],
        "info": [
            72,
            72,
            1
        ]
    },
    {
        "name": "Button2-a",
        "md5": "c0051ff23e9aae78295964206793c1e3.svg",
        "type": "costume",
        "tags": [],
        "info": [
            72,
            72,
            1
        ]
    },
    {
        "name": "Button2-b",
        "md5": "712a561dc0ad66e348b8247e566b50ef.svg",
        "type": "costume",
        "tags": [],
        "info": [
            72,
            72,
            1
        ]
    },
    {
        "name": "Button3-a",
        "md5": "ffb2a9c21084c58fdb677c8d12a97519.svg",
        "type": "costume",
        "tags": [],
        "info": [
            72,
            72,
            1
        ]
    },
    {
        "name": "Button3-b",
        "md5": "7a9ccb55e4da36f48811ab125d2492e0.svg",
        "type": "costume",
        "tags": [],
        "info": [
            72,
            72,
            1
        ]
    },
    {
        "name": "Button4-a",
        "md5": "8782b457cdf4a10ca016ff1ec0c744ef.svg",
        "type": "costume",
        "tags": [],
        "info": [
            35,
            34,
            1
        ]
    },
    {
        "name": "Button4-b",
        "md5": "840f4ef01849e459fd84f5470a3b0080.svg",
        "type": "costume",
        "tags": [],
        "info": [
            35,
            34,
            1
        ]
    },
    {
        "name": "Button5-a",
        "md5": "71e97245b7be4fd6fe3ba8cdeecadaf1.svg",
        "type": "costume",
        "tags": [],
        "info": [
            72,
            72,
            1
        ]
    },
    {
        "name": "Button5-b",
        "md5": "54cd55512f7571060e6e64168e541222.svg",
        "type": "costume",
        "tags": [],
        "info": [
            72,
            72,
            1
        ]
    },
    {
        "name": "Cake-a",
        "md5": "97ab3596dc06510e963fa29795e663bf.svg",
        "type": "costume",
        "tags": [],
        "info": [
            64,
            50,
            1
        ]
    },
    {
        "name": "Cake-b",
        "md5": "61d5481955a2f42cb843d09506f6744e.svg",
        "type": "costume",
        "tags": [],
        "info": [
            64,
            42,
            1
        ]
    },
    {
        "name": "Cat1 Flying-a",
        "md5": "1e81725d2d2c7de4a2dd4a145198a43c.svg",
        "type": "costume",
        "tags": [],
        "info": [
            67,
            48,
            1
        ]
    },
    {
        "name": "Cat1 Flying-b",
        "md5": "0d192725870ef0eda50d91cab0e3c9c5.svg",
        "type": "costume",
        "tags": [],
        "info": [
            42,
            44,
            1
        ]
    },
    {
        "name": "Cloud-a",
        "md5": "c7d7de8e29179407f03b054fa640f4d0.svg",
        "type": "costume",
        "tags": [],
        "info": [
            76,
            19,
            1
        ]
    },
    {
        "name": "Cloud-b",
        "md5": "d8595350ebb460494c9189dabb968336.svg",
        "type": "costume",
        "tags": [],
        "info": [
            101,
            20,
            1
        ]
    },
    {
        "name": "Cloud-c",
        "md5": "395fc991e64ac0a4aa46758ab4bc65cb.svg",
        "type": "costume",
        "tags": [],
        "info": [
            97,
            9,
            1
        ]
    },
    {
        "name": "Cloud-d",
        "md5": "1767e704acb11ffa409f77cc79ba7e86.svg",
        "type": "costume",
        "tags": [],
        "info": [
            87,
            21,
            1
        ]
    },
    {
        "name": "Costume1",
        "md5": "09dc888b0b7df19f70d81588ae73420e.svg",
        "type": "costume",
        "tags": [],
        "info": [
            47,
            55,
            1
        ]
    },
    {
        "name": "Costume2",
        "md5": "3696356a03a8d938318876a593572843.svg",
        "type": "costume",
        "tags": [],
        "info": [
            47,
            55,
            1
        ]
    },
    {
        "name": "Cowbell",
        "md5": "3b00920b17d43986685f3855bcb6afe7.svg",
        "type": "costume",
        "tags": [],
        "info": [
            29,
            30,
            1
        ]
    },
    {
        "name": "Crab-a",
        "md5": "114249a5660f7948663d95de575cfd8d.svg",
        "type": "costume",
        "tags": [],
        "info": [
            75,
            75,
            1
        ]
    },
    {
        "name": "Crab-b",
        "md5": "9bf050664e68c10d2616e85f2873be09.svg",
        "type": "costume",
        "tags": [],
        "info": [
            75,
            75,
            1
        ]
    },
    {
        "name": "Cymbal-a",
        "md5": "532860ee3ecfd05d5f473dbe3ea69c8e.svg",
        "type": "costume",
        "tags": [],
        "info": [
            34,
            60,
            1
        ]
    },
    {
        "name": "Cymbal-b",
        "md5": "ae5b19022fa882ff95790b25279b9a3f.svg",
        "type": "costume",
        "tags": [],
        "info": [
            37,
            73,
            1
        ]
    },
    {
        "name": "Dinosaur1-a",
        "md5": "286094ffce382c8383519ab896711989.svg",
        "type": "costume",
        "tags": [],
        "info": [
            75,
            84,
            1
        ]
    },
    {
        "name": "Dinosaur1-b",
        "md5": "d9eca17b8569f2cde20ef7d3ed0fe19f.svg",
        "type": "costume",
        "tags": [],
        "info": [
            116,
            79,
            1
        ]
    },
    {
        "name": "Dinosaur1-c",
        "md5": "ade3d2ec5029693ecdcca17974bad5fd.svg",
        "type": "costume",
        "tags": [],
        "info": [
            65,
            89,
            1
        ]
    },
    {
        "name": "Dinosaur1-d",
        "md5": "2aa7257a3e0a19ee315b23eaf7f56933.svg",
        "type": "costume",
        "tags": [],
        "info": [
            45,
            87,
            1
        ]
    },
    {
        "name": "Dinosaur1-e",
        "md5": "ed46ee11478715f7596d01fb0f98aa3f.svg",
        "type": "costume",
        "tags": [],
        "info": [
            82,
            84,
            1
        ]
    },
    {
        "name": "Dinosaur1-f",
        "md5": "39caf2473b1eee55edb688cfa3c240c7.svg",
        "type": "costume",
        "tags": [],
        "info": [
            69,
            76,
            1
        ]
    },
    {
        "name": "Dinosaur1-g",
        "md5": "f0f2aa4e8e015de497050d8d44bbfbf1.svg",
        "type": "costume",
        "tags": [],
        "info": [
            68,
            72,
            1
        ]
    },
    {
        "name": "Dinosaur2-a",
        "md5": "ae724a0a6d6e0a2b33dded4140219fb0.svg",
        "type": "costume",
        "tags": [],
        "info": [
            75,
            75,
            1
        ]
    },
    {
        "name": "Dinosaur2-b",
        "md5": "a01d31caaab3b14b9bb0e2cd5a86c70c.svg",
        "type": "costume",
        "tags": [],
        "info": [
            67,
            67,
            1
        ]
    },
    {
        "name": "Dinosaur3",
        "md5": "79bb51bbf809b412147f2a196f8c9292.svg",
        "type": "costume",
        "tags": [],
        "info": [
            75,
            75,
            1
        ]
    },
    {
        "name": "Diver1",
        "md5": "853803d5600b66538474909c5438c8ee.svg",
        "type": "costume",
        "tags": [],
        "info": [
            75,
            75,
            1
        ]
    },
    {
        "name": "Diver2",
        "md5": "248d3e69ada69a64b1077149ef6a931a.svg",
        "type": "costume",
        "tags": [],
        "info": [
            75,
            75,
            1
        ]
    },
    {
        "name": "Dog1-a",
        "md5": "39ddefa0cc58f3b1b06474d63d81ef56.svg",
        "type": "costume",
        "tags": [],
        "info": [
            83,
            80,
            1
        ]
    },
    {
        "name": "Dog1-b",
        "md5": "598f4aa3d8f671375d1d2b3acf753416.svg",
        "type": "costume",
        "tags": [],
        "info": [
            83,
            80,
            1
        ]
    },
    {
        "name": "Dog2-a",
        "md5": "e921f865b19b27cd99e16a341dbf09c2.svg",
        "type": "costume",
        "tags": [],
        "info": [
            75,
            75,
            1
        ]
    },
    {
        "name": "Dog2-b",
        "md5": "891f2fb7daf79ba8b224a9173eeb0a63.svg",
        "type": "costume",
        "tags": [],
        "info": [
            75,
            75,
            1
        ]
    },
    {
        "name": "Dog2-c",
        "md5": "cd236d5eef4431dea82983ac9eec406b.svg",
        "type": "costume",
        "tags": [],
        "info": [
            75,
            75,
            1
        ]
    },
    {
        "name": "Donut",
        "md5": "9e7b4d153421dae04a24571d7e079e85.svg",
        "type": "costume",
        "tags": [],
        "info": [
            73,
            15,
            1
        ]
    },
    {
        "name": "Dragon1-a",
        "md5": "ee0082b436d6d5dc3de33047166e7bf2.svg",
        "type": "costume",
        "tags": [],
        "info": [
            65,
            60,
            1
        ]
    },
    {
        "name": "Dragon1-b",
        "md5": "bb58ce36997fa205a86a085f202837fd.svg",
        "type": "costume",
        "tags": [],
        "info": [
            84,
            56,
            1
        ]
    },
    {
        "name": "Drum Bass-a",
        "md5": "3308e038214f5a4adc53076a9fee9021.svg",
        "type": "costume",
        "tags": [],
        "info": [
            36,
            46,
            1
        ]
    },
    {
        "name": "Drum Bass-b",
        "md5": "5febb3df727fb6624946e807a665b866.svg",
        "type": "costume",
        "tags": [],
        "info": [
            36,
            46,
            1
        ]
    },
    {
        "name": "Drum Snare-a",
        "md5": "868f700de73a35c4d6fa4c93507c348d.svg",
        "type": "costume",
        "tags": [],
        "info": [
            51,
            37,
            1
        ]
    },
    {
        "name": "Drum Snare-b",
        "md5": "93738cb485ef57cbd4b9bff386d0bba2.svg",
        "type": "costume",
        "tags": [],
        "info": [
            57,
            59,
            1
        ]
    },
    {
        "name": "Drum1-a",
        "md5": "daad8bc865f55200844dbce476d2f1e9.svg",
        "type": "costume",
        "tags": [],
        "info": [
            49,
            44,
            1
        ]
    },
    {
        "name": "Drum1-b",
        "md5": "8a2e9596b02ecdc195d76c1f34a48f76.svg",
        "type": "costume",
        "tags": [],
        "info": [
            60,
            61,
            1
        ]
    },
    {
        "name": "Drum2-a",
        "md5": "68baa189ac7afb9426db1818aa88be8e.svg",
        "type": "costume",
        "tags": [],
        "info": [
            47,
            39,
            1
        ]
    },
    {
        "name": "Drum2-b",
        "md5": "4a58fe0f173104aab03aaccdd3ce5280.svg",
        "type": "costume",
        "tags": [],
        "info": [
            47,
            54,
            1
        ]
    },
    {
        "name": "Drums Conga-a",
        "md5": "b3da94523b6d3df2dd30602399599ab4.svg",
        "type": "costume",
        "tags": [],
        "info": [
            51,
            51,
            1
        ]
    },
    {
        "name": "Drums Conga-b",
        "md5": "d4398062ed6e09927ab52823255186d3.svg",
        "type": "costume",
        "tags": [],
        "info": [
            52,
            79,
            1
        ]
    },
    {
        "name": "Duck",
        "md5": "c3baf7eedfbdac8cd1e4f1f1f779dc0c.svg",
        "type": "costume",
        "tags": [],
        "info": [
            61,
            59,
            1
        ]
    },
    {
        "name": "Elephant-a ",
        "md5": "b3515b3805938b0fae4e527aa0b4524e.svg",
        "type": "costume",
        "tags": [],
        "info": [
            107,
            33,
            1
        ]
    },
    {
        "name": "Elephant-b ",
        "md5": "bce91fa266220d3679a4c19c4e38b1f7.svg",
        "type": "costume",
        "tags": [],
        "info": [
            95,
            40,
            1
        ]
    },
    {
        "name": "Empty",
        "md5": "cd21514d0531fdffb22204e0ec5ed84a.svg",
        "type": "costume",
        "tags": [],
        "info": [
            0,
            0,
            1
        ]
    },
    {
        "name": "Fish1",
        "md5": "df78f8195f72372846d96dc70cb0ad95.svg",
        "type": "costume",
        "tags": [],
        "info": [
            75,
            75,
            1
        ]
    },
    {
        "name": "Fish2",
        "md5": "f3dd9cb79cce497a90900241cf726367.svg",
        "type": "costume",
        "tags": [],
        "info": [
            75,
            75,
            1
        ]
    },
    {
        "name": "Fish3",
        "md5": "aec949cefb15ddd1330f3b633734d4d3.svg",
        "type": "costume",
        "tags": [],
        "info": [
            75,
            75,
            1
        ]
    },
    {
        "name": "Frog",
        "md5": "285483a688eed2ff8010c65112f99c41.svg",
        "type": "costume",
        "tags": [],
        "info": [
            48,
            30,
            1
        ]
    },
    {
        "name": "Ghost1 ",
        "md5": "c88579c578f2d171de78612f2ff9c9d9.svg",
        "type": "costume",
        "tags": [],
        "info": [
            60,
            63,
            1
        ]
    },
    {
        "name": "Ghost2-a",
        "md5": "607be245da950af1a4e4d79acfda46e3.svg",
        "type": "costume",
        "tags": [],
        "info": [
            75,
            75,
            1
        ]
    },
    {
        "name": "Ghost2-b",
        "md5": "b9e2ebbe17c617ac182abd8bc1627693.svg",
        "type": "costume",
        "tags": [],
        "info": [
            75,
            75,
            1
        ]
    },
    {
        "name": "Giga-a",
        "md5": "93cb048a1d199f92424b9c097fa5fa38.svg",
        "type": "costume",
        "tags": [],
        "info": [
            72,
            96,
            1
        ]
    },
    {
        "name": "Giga-b",
        "md5": "528613711a7eae3a929025be04db081c.svg",
        "type": "costume",
        "tags": [],
        "info": [
            72,
            96,
            1
        ]
    },
    {
        "name": "Giga-c",
        "md5": "ee4dd21d7ca6d1b889ee25d245cbcc66.svg",
        "type": "costume",
        "tags": [],
        "info": [
            73,
            96,
            1
        ]
    },
    {
        "name": "Giga-d",
        "md5": "7708e2d9f83a01476ee6d17aa540ddf1.svg",
        "type": "costume",
        "tags": [],
        "info": [
            73,
            96,
            1
        ]
    },
    {
        "name": "Gobo-a",
        "md5": "1f5ea0d12f85aed2e471cdd21b0bd6d7.svg",
        "type": "costume",
        "tags": [],
        "info": [
            47,
            55,
            1
        ]
    },
    {
        "name": "Gobo-b",
        "md5": "73e493e4abd5d0954b677b97abcb7116.svg",
        "type": "costume",
        "tags": [],
        "info": [
            47,
            55,
            1
        ]
    },
    {
        "name": "Gobo-c",
        "md5": "bc68a6bdf300df7b53d73b38f74c844e.svg",
        "type": "costume",
        "tags": [],
        "info": [
            47,
            55,
            1
        ]
    },
    {
        "name": "Guitar",
        "md5": "dfa85e2a962b725ee53f61cea2edc1fb.svg",
        "type": "costume",
        "tags": [],
        "info": [
            37,
            98,
            1
        ]
    },
    {
        "name": "Guitar Bass",
        "md5": "83cf122ec4a291e2a17910f718b583a5.svg",
        "type": "costume",
        "tags": [],
        "info": [
            53,
            145,
            1
        ]
    },
    {
        "name": "Guitar Electric",
        "md5": "18d7b47368ba1ead0d1ca436b8369211.svg",
        "type": "costume",
        "tags": [],
        "info": [
            37,
            114,
            1
        ]
    },
    {
        "name": "Hippo1-a",
        "md5": "c1353c4a5eec5e6f32ed053e6f6e8f99.svg",
        "type": "costume",
        "tags": [],
        "info": [
            69,
            65,
            1
        ]
    },
    {
        "name": "Hippo1-b",
        "md5": "e65ed93bbb9cccf698fc7e774ab609a6.svg",
        "type": "costume",
        "tags": [],
        "info": [
            69,
            68,
            1
        ]
    },
    {
        "name": "Horse1-a",
        "md5": "32f4d80477cd070cb0848e555d374060.svg",
        "type": "costume",
        "tags": [],
        "info": [
            119,
            83,
            1
        ]
    },
    {
        "name": "Horse1-b",
        "md5": "ffa6431c5ef2a4e975ecffacdb0efea7.svg",
        "type": "costume",
        "tags": [],
        "info": [
            103,
            97,
            1
        ]
    },
    {
        "name": "Keyboard-a",
        "md5": "337368e789abc17beb1a2bacbb9d3bdc.svg",
        "type": "costume",
        "tags": [],
        "info": [
            88,
            24,
            1
        ]
    },
    {
        "name": "Keyboard-b",
        "md5": "290216dfdf0cffea57743d91f130b2c7.svg",
        "type": "costume",
        "tags": [],
        "info": [
            89,
            24,
            1
        ]
    },
    {
        "name": "Keyboard-c",
        "md5": "750cbbcd66cb893cd5a66ee0a663e486.svg",
        "type": "costume",
        "tags": [],
        "info": [
            89,
            24,
            1
        ]
    },
    {
        "name": "Keyboard-d",
        "md5": "46b0d833ad845d88585fbd0cb4b070ee.svg",
        "type": "costume",
        "tags": [],
        "info": [
            89,
            24,
            1
        ]
    },
    {
        "name": "Knight",
        "md5": "f2c5e8bc24d001b81566879dbf2f1a13.svg",
        "type": "costume",
        "tags": [],
        "info": [
            75,
            75,
            1
        ]
    },
    {
        "name": "Ladybug2",
        "md5": "f16a1ccc69a4a8190a927f1595aa7bfa.svg",
        "type": "costume",
        "tags": [],
        "info": [
            41,
            43,
            1
        ]
    },
    {
        "name": "Lion-a",
        "md5": "692a3c84366bf8ae4d16858e20e792f5.svg",
        "type": "costume",
        "tags": [],
        "info": [
            75,
            75,
            1
        ]
    },
    {
        "name": "Lion-b",
        "md5": "a519ef168a345a2846d0201bf092a6d0.svg",
        "type": "costume",
        "tags": [],
        "info": [
            75,
            75,
            1
        ]
    },
    {
        "name": "Microphone",
        "md5": "59109aefada55997b9497c6266695830.svg",
        "type": "costume",
        "tags": [],
        "info": [
            27,
            31,
            1
        ]
    },
    {
        "name": "Microphonestand",
        "md5": "fe85f2d5a94d27b6d793361c3fddcf77.svg",
        "type": "costume",
        "tags": [],
        "info": [
            57,
            55,
            1
        ]
    },
    {
        "name": "Monkey2-a",
        "md5": "6e4de762dbd52cd2b6356694a9668211.svg",
        "type": "costume",
        "tags": [],
        "info": [
            68,
            99,
            1
        ]
    },
    {
        "name": "Monkey2-b",
        "md5": "7662a3a0f4c6fa21fdf2de33bd80fe5f.svg",
        "type": "costume",
        "tags": [],
        "info": [
            68,
            99,
            1
        ]
    },
    {
        "name": "Monkey2-c",
        "md5": "db8eb50b948047181922310bb94511fb.svg",
        "type": "costume",
        "tags": [],
        "info": [
            68,
            99,
            1
        ]
    },
    {
        "name": "Nano-a",
        "md5": "02c5433118f508038484bbc5b111e187.svg",
        "type": "costume",
        "tags": [],
        "info": [
            61,
            60,
            1
        ]
    },
    {
        "name": "Nano-b",
        "md5": "10d6d9130618cd092ae02158cde2e113.svg",
        "type": "costume",
        "tags": [],
        "info": [
            61,
            60,
            1
        ]
    },
    {
        "name": "Nano-c",
        "md5": "85e762d45bc626ca2edb3472c7cfaa32.svg",
        "type": "costume",
        "tags": [],
        "info": [
            61,
            60,
            1
        ]
    },
    {
        "name": "Nano-d",
        "md5": "b10925346da8080443f27e7dfaeff6f7.svg",
        "type": "costume",
        "tags": [],
        "info": [
            61,
            60,
            1
        ]
    },
    {
        "name": "Octopus-a",
        "md5": "bb68d2e29d8572ef9de06f8033e668d9.svg",
        "type": "costume",
        "tags": [],
        "info": [
            75,
            75,
            1
        ]
    },
    {
        "name": "Octopus-b",
        "md5": "b52bd3bc12553bb31b1395516c3cec4d.svg",
        "type": "costume",
        "tags": [],
        "info": [
            75,
            75,
            1
        ]
    },
    {
        "name": "Parrot-a",
        "md5": "098570b8e1aa85b32f9b4eb07bea3af2.svg",
        "type": "costume",
        "tags": [],
        "info": [
            86,
            106,
            1
        ]
    },
    {
        "name": "Parrot-b",
        "md5": "721255a0733c9d8d2ba518ff09b3b7cb.svg",
        "type": "costume",
        "tags": [],
        "info": [
            49,
            31,
            1
        ]
    },
    {
        "name": "Penguin1",
        "md5": "c17d9e4bdb59c574e0c34aa70af516da.svg",
        "type": "costume",
        "tags": [],
        "info": [
            54,
            61,
            1
        ]
    },
    {
        "name": "Piano",
        "md5": "a79a9794c290e5aa533230cc3d13795b.svg",
        "type": "costume",
        "tags": [],
        "info": [
            142,
            88,
            1
        ]
    },
    {
        "name": "Pico-a",
        "md5": "0579fe60bb3717c49dfd7743caa84ada.svg",
        "type": "costume",
        "tags": [],
        "info": [
            55,
            66,
            1
        ]
    },
    {
        "name": "Pico-b",
        "md5": "26c688d7544757225ff51cd2fb1519b5.svg",
        "type": "costume",
        "tags": [],
        "info": [
            55,
            66,
            1
        ]
    },
    {
        "name": "Pico-c",
        "md5": "adf61e2090f8060e1e8b2b0604d03751.svg",
        "type": "costume",
        "tags": [],
        "info": [
            55,
            66,
            1
        ]
    },
    {
        "name": "Pico-d",
        "md5": "594704bf12e3c4d9e83bb91661ad709a.svg",
        "type": "costume",
        "tags": [],
        "info": [
            55,
            66,
            1
        ]
    },
    {
        "name": "Rainbow",
        "md5": "680a806bd87a28c8b25b5f9b6347f022.svg",
        "type": "costume",
        "tags": [],
        "info": [
            72,
            36,
            1
        ]
    },
    {
        "name": "Saxophone-a",
        "md5": "a09b114b0652006ac66def94548073a9.svg",
        "type": "costume",
        "tags": [],
        "info": [
            69,
            80,
            1
        ]
    },
    {
        "name": "Saxophone-b",
        "md5": "366c42cc65497f5007c9377a2d4d854b.svg",
        "type": "costume",
        "tags": [],
        "info": [
            69,
            80,
            1
        ]
    },
    {
        "name": "Shark-a ",
        "md5": "7c0a907eae79462f69f8e2af8e7df828.svg",
        "type": "costume",
        "tags": [],
        "info": [
            75,
            75,
            1
        ]
    },
    {
        "name": "Shark-b ",
        "md5": "cff9ae87a93294693a0650b38a7a33d2.svg",
        "type": "costume",
        "tags": [],
        "info": [
            75,
            75,
            1
        ]
    },
    {
        "name": "Shark-c ",
        "md5": "afeae3f998598424f7c50918507f6ce6.svg",
        "type": "costume",
        "tags": [],
        "info": [
            77,
            37,
            1
        ]
    },
    {
        "name": "Snowman",
        "md5": "56c71c31c17b9bc66a2aab0342cf94b2.svg",
        "type": "costume",
        "tags": [],
        "info": [
            75,
            75,
            1
        ]
    },
    {
        "name": "Speaker",
        "md5": "44dc3a2ec161999545914d1f77332d76.svg",
        "type": "costume",
        "tags": [],
        "info": [
            53,
            79,
            1
        ]
    },
    {
        "name": "Tabla-a",
        "md5": "68ce53b53fcc68744584c28d20144c4f.svg",
        "type": "costume",
        "tags": [],
        "info": [
            75,
            45,
            1
        ]
    },
    {
        "name": "Tabla-b",
        "md5": "01b6ffb8691d32be10fabc77ddfb55b0.svg",
        "type": "costume",
        "tags": [],
        "info": [
            78,
            48,
            1
        ]
    },
    {
        "name": "Tera-a",
        "md5": "b54a4a9087435863ab6f6c908f1cac99.svg",
        "type": "costume",
        "tags": [],
        "info": [
            49,
            63,
            1
        ]
    },
    {
        "name": "Tera-b",
        "md5": "1e6b3a29351cda80d1a70a3cc0e499f2.svg",
        "type": "costume",
        "tags": [],
        "info": [
            49,
            64,
            1
        ]
    },
    {
        "name": "Tera-c",
        "md5": "7edf116cbb7111292361431521ae699e.svg",
        "type": "costume",
        "tags": [],
        "info": [
            49,
            63,
            1
        ]
    },
    {
        "name": "Tera-d",
        "md5": "7c3c9c8b5f4ac77de2036175712a777a.svg",
        "type": "costume",
        "tags": [],
        "info": [
            49,
            63,
            1
        ]
    },
    {
        "name": "Trombone-a",
        "md5": "7d7098a45ab54def8d919141e90db4c5.svg",
        "type": "costume",
        "tags": [],
        "info": [
            73,
            43,
            1
        ]
    },
    {
        "name": "Trombone-b",
        "md5": "08edef976dbc09e8b62bce0f4607ea4a.svg",
        "type": "costume",
        "tags": [],
        "info": [
            73,
            43,
            1
        ]
    },
    {
        "name": "Trumpet-a",
        "md5": "3bcbd84df7924b6f97a2fa5d9bce56c8.svg",
        "type": "costume",
        "tags": [],
        "info": [
            84,
            25,
            1
        ]
    },
    {
        "name": "Trumpet-a2",
        "md5": "5c0db80c63a72e8ab07d047183575378.svg",
        "type": "costume",
        "tags": [],
        "info": [
            84,
            25,
            1
        ]
    },
    {
        "name": "Ukulele",
        "md5": "39215565394d6280c6c81e7ad86c7ca0.svg",
        "type": "costume",
        "tags": [],
        "info": [
            30,
            78,
            1
        ]
    },
    {
        "name": "Unicorn",
        "md5": "a04def38351e7fd805226345cac4fbfe.svg",
        "type": "costume",
        "tags": [],
        "info": [
            75,
            75,
            1
        ]
    },
    {
        "name": "Watermelon-a",
        "md5": "26fecef75cf3b6e0d98bff5c06475036.svg",
        "type": "costume",
        "tags": [],
        "info": [
            40,
            27,
            1
        ]
    },
    {
        "name": "Watermelon-b",
        "md5": "fbdaf4d1d349edd3ddf3a1c4528aa9ec.svg",
        "type": "costume",
        "tags": [],
        "info": [
            22,
            27,
            1
        ]
    },
    {
        "name": "Watermelon-c",
        "md5": "5976c10412306fc093c1d1930fa05119.svg",
        "type": "costume",
        "tags": [],
        "info": [
            21,
            15,
            1
        ]
    },
    {
        "name": "Witch",
        "md5": "c991196a708294535a1dbdce7189c23c.svg",
        "type": "costume",
        "tags": [],
        "info": [
            74,
            59,
            1
        ]
    },
    {
        "name": "Wizard",
        "md5": "4df1dd733f6ee4a2d8842478ac2c4661.svg",
        "type": "costume",
        "tags": [],
        "info": [
            76,
            86,
            1
        ]
    },
    {
        "name": "Wizard1",
        "md5": "e085c97691d16f0cc8a595ce1137e26c.svg",
        "type": "costume",
        "tags": [],
        "info": [
            134,
            153,
            1
        ]
    },
    {
        "name": "Wizard2",
        "md5": "6db4d9e4229dc50a1b1c91c3c8311d40.svg",
        "type": "costume",
        "tags": [],
        "info": [
            69,
            93,
            1
        ]
    },
    {
        "name": "ZBlock-a",
        "md5": "602a16930a8050e1298e1a0ae844363e.svg",
        "type": "costume",
        "tags": [],
        "info": [
            28,
            38,
            1
        ]
    },
    {
        "name": "ZBlock-b",
        "md5": "f8c683cf71660e8ac1f8855599857a25.svg",
        "type": "costume",
        "tags": [],
        "info": [
            29,
            42,
            1
        ]
    },
    {
        "name": "ZBlock-c",
        "md5": "f8f4cc686ffc5a4113a99f70b09abd32.svg",
        "type": "costume",
        "tags": [],
        "info": [
            35,
            43,
            1
        ]
    },
    {
        "name": "ZBlock-d",
        "md5": "aee2d71ef0293b33479bff9423d16b67.svg",
        "type": "costume",
        "tags": [],
        "info": [
            31,
            41,
            1
        ]
    },
    {
        "name": "ZBlock-e",
        "md5": "16c6257316ff94cc7539ccdfc24e5fb8.svg",
        "type": "costume",
        "tags": [],
        "info": [
            25,
            39,
            1
        ]
    },
    {
        "name": "ZBlock-f",
        "md5": "34c090c1f573c569332ead68cb99b595.svg",
        "type": "costume",
        "tags": [],
        "info": [
            23,
            40,
            1
        ]
    },
    {
        "name": "ZBlock-g",
        "md5": "8bb2382627004eb08ff10ea8171cc724.svg",
        "type": "costume",
        "tags": [],
        "info": [
            28,
            39,
            1
        ]
    },
    {
        "name": "ZBlock-h",
        "md5": "f1578807d4a124fc02b639a8febeaab3.svg",
        "type": "costume",
        "tags": [],
        "info": [
            27,
            38,
            1
        ]
    },
    {
        "name": "ZBlock-i",
        "md5": "341bc70442886d6fdf959f2a97a63554.svg",
        "type": "costume",
        "tags": [],
        "info": [
            19,
            39,
            1
        ]
    },
    {
        "name": "ZBlock-j",
        "md5": "4b420cce964beedf2c1dc43faa59fdec.svg",
        "type": "costume",
        "tags": [],
        "info": [
            25,
            41,
            1
        ]
    },
    {
        "name": "ZBlock-k",
        "md5": "19601cc33449813aa93a47c63167e5c1.svg",
        "type": "costume",
        "tags": [],
        "info": [
            24,
            40,
            1
        ]
    },
    {
        "name": "ZBlock-l",
        "md5": "87358e3c9b9f5be4376253ce08d0192d.svg",
        "type": "costume",
        "tags": [],
        "info": [
            26,
            40,
            1
        ]
    },
    {
        "name": "ZBlock-m",
        "md5": "7ba0642be1f0080c0d273ea96e29b1e8.svg",
        "type": "costume",
        "tags": [],
        "info": [
            35,
            37,
            1
        ]
    },
    {
        "name": "ZBlock-n",
        "md5": "6c1fbc57821744bd9356ce9a21ed70f7.svg",
        "type": "costume",
        "tags": [],
        "info": [
            28,
            37,
            1
        ]
    },
    {
        "name": "ZBlock-o",
        "md5": "e88638200a73e167d0e266a343019cec.svg",
        "type": "costume",
        "tags": [],
        "info": [
            32,
            40,
            1
        ]
    },
    {
        "name": "ZBlock-p",
        "md5": "ad2fc3a1c6538678915633a11ab6ec73.svg",
        "type": "costume",
        "tags": [],
        "info": [
            18,
            33,
            1
        ]
    },
    {
        "name": "ZBlock-q",
        "md5": "64da9da8684c74deb567dbdb661d3a52.svg",
        "type": "costume",
        "tags": [],
        "info": [
            26,
            33,
            1
        ]
    },
    {
        "name": "ZBlock-r",
        "md5": "73e8d46f7475476d8cb4cfcfc75ee50d.svg",
        "type": "costume",
        "tags": [],
        "info": [
            22,
            33,
            1
        ]
    },
    {
        "name": "ZBlock-s",
        "md5": "9feb5593fed51e88dbb3128cfc290d29.svg",
        "type": "costume",
        "tags": [],
        "info": [
            13,
            30,
            1
        ]
    },
    {
        "name": "ZBlock-t",
        "md5": "d29c1caf5cf195740c38f279e82a77a4.svg",
        "type": "costume",
        "tags": [],
        "info": [
            25,
            33,
            1
        ]
    },
    {
        "name": "ZBlock-u",
        "md5": "faef46b7bf589c36300142f6f03c5d32.svg",
        "type": "costume",
        "tags": [],
        "info": [
            28,
            41,
            1
        ]
    },
    {
        "name": "ZBlock-v",
        "md5": "65e2f4821ab084827e22920acb61c92b.svg",
        "type": "costume",
        "tags": [],
        "info": [
            35,
            41,
            1
        ]
    },
    {
        "name": "ZBlock-w",
        "md5": "5ab197b4f70b2f98a3658c7ccdc3351d.svg",
        "type": "costume",
        "tags": [],
        "info": [
            47,
            39,
            1
        ]
    },
    {
        "name": "ZBlock-x",
        "md5": "cb9dff35f05e823d954e47e4a717a48c.svg",
        "type": "costume",
        "tags": [],
        "info": [
            25,
            32,
            1
        ]
    },
    {
        "name": "ZBlock-y",
        "md5": "4c13c440bcb35c8c3aa6226374fced3f.svg",
        "type": "costume",
        "tags": [],
        "info": [
            26,
            33,
            1
        ]
    },
    {
        "name": "ZBlock-z",
        "md5": "0ccff1898f1bf1b25333d581db09fae2.svg",
        "type": "costume",
        "tags": [],
        "info": [
            24,
            38,
            1
        ]
    },
    {
        "name": "ZGlow-0",
        "md5": "38b2b342659adc6fa289090975e0e71d.svg",
        "type": "costume",
        "tags": [],
        "info": [
            29,
            39,
            1
        ]
    },
    {
        "name": "ZGlow-1",
        "md5": "2c88706210672655401fe09edd8ff6a7.svg",
        "type": "costume",
        "tags": [],
        "info": [
            24,
            39,
            1
        ]
    },
    {
        "name": "ZGlow-2",
        "md5": "b9faa5708a799a1607f0325a7af2561c.svg",
        "type": "costume",
        "tags": [],
        "info": [
            28,
            41,
            1
        ]
    },
    {
        "name": "ZGlow-3",
        "md5": "cf42a50552ce26032ead712ac4f36c23.svg",
        "type": "costume",
        "tags": [],
        "info": [
            33,
            42,
            1
        ]
    },
    {
        "name": "ZGlow-4",
        "md5": "3ffa6aee373e28fc36b9395ac4d0467e.svg",
        "type": "costume",
        "tags": [],
        "info": [
            31,
            38,
            1
        ]
    },
    {
        "name": "ZGlow-5",
        "md5": "85d87d32e7e9e6be122c905b0d2e7e33.svg",
        "type": "costume",
        "tags": [],
        "info": [
            30,
            38,
            1
        ]
    },
    {
        "name": "ZGlow-6",
        "md5": "62cc2a6def27f19d11ed56e86e95aac5.svg",
        "type": "costume",
        "tags": [],
        "info": [
            30,
            37,
            1
        ]
    },
    {
        "name": "ZGlow-7",
        "md5": "8887983eb4df2e62a2ed4770a1d98d60.svg",
        "type": "costume",
        "tags": [],
        "info": [
            31,
            42,
            1
        ]
    },
    {
        "name": "ZGlow-8",
        "md5": "4c42c4cb0c1e090d0f9570416d3c80c8.svg",
        "type": "costume",
        "tags": [],
        "info": [
            31,
            37,
            1
        ]
    },
    {
        "name": "ZGlow-9",
        "md5": "7bcb7e2e48f5cb770c83d4267922fec0.svg",
        "type": "costume",
        "tags": [],
        "info": [
            28,
            36,
            1
        ]
    },
    {
        "name": "ZGlow-A",
        "md5": "d5aa299350c24c747200a64b63b1aa52.svg",
        "type": "costume",
        "tags": [],
        "info": [
            36,
            37,
            1
        ]
    },
    {
        "name": "ZGlow-B",
        "md5": "a2e95f268a6cab03f3e94b3b0b792d83.svg",
        "type": "costume",
        "tags": [],
        "info": [
            32,
            35,
            1
        ]
    },
    {
        "name": "ZGlow-C",
        "md5": "9779a4a40934f04a4bf84920b258d7c9.svg",
        "type": "costume",
        "tags": [],
        "info": [
            27,
            35,
            1
        ]
    },
    {
        "name": "ZGlow-D",
        "md5": "3555b8bbbbcdc00354bf6fa81ac7042f.svg",
        "type": "costume",
        "tags": [],
        "info": [
            33,
            35,
            1
        ]
    },
    {
        "name": "ZGlow-E",
        "md5": "44dbc655d5ac9f13618473848e23484e.svg",
        "type": "costume",
        "tags": [],
        "info": [
            34,
            38,
            1
        ]
    },
    {
        "name": "ZGlow-F",
        "md5": "dec417e749e43d7de3985155f5f5a7a0.svg",
        "type": "costume",
        "tags": [],
        "info": [
            35,
            41,
            1
        ]
    },
    {
        "name": "ZGlow-G",
        "md5": "cf4aa465cd8fb7049cc571d7546a7eb1.svg",
        "type": "costume",
        "tags": [],
        "info": [
            32,
            39,
            1
        ]
    },
    {
        "name": "ZGlow-H",
        "md5": "8d9bd5f00ea1ac6f92d0f97ee491b0f3.svg",
        "type": "costume",
        "tags": [],
        "info": [
            35,
            46,
            1
        ]
    },
    {
        "name": "ZGlow-I",
        "md5": "0e86de55840103dcd50199ab2b765de7.svg",
        "type": "costume",
        "tags": [],
        "info": [
            21,
            38,
            1
        ]
    },
    {
        "name": "ZGlow-J",
        "md5": "b3832145eacc39f91bd3a9a6673fa05c.svg",
        "type": "costume",
        "tags": [],
        "info": [
            29,
            39,
            1
        ]
    },
    {
        "name": "ZGlow-K",
        "md5": "f4e37a7552ba05e995613211a7146de5.svg",
        "type": "costume",
        "tags": [],
        "info": [
            38,
            36,
            1
        ]
    },
    {
        "name": "ZGlow-L",
        "md5": "a75e45773ea6afaf8ae44f79f936fc82.svg",
        "type": "costume",
        "tags": [],
        "info": [
            33,
            35,
            1
        ]
    },
    {
        "name": "ZGlow-M",
        "md5": "219b06faa5b816347165450d148213b4.svg",
        "type": "costume",
        "tags": [],
        "info": [
            42,
            39,
            1
        ]
    },
    {
        "name": "ZGlow-N",
        "md5": "4b724479fb3b2184fd8be6f83fb20e54.svg",
        "type": "costume",
        "tags": [],
        "info": [
            37,
            39,
            1
        ]
    },
    {
        "name": "ZGlow-O",
        "md5": "38b2b342659adc6fa289090975e0e71d.svg",
        "type": "costume",
        "tags": [],
        "info": [
            29,
            39,
            1
        ]
    },
    {
        "name": "ZGlow-P",
        "md5": "1cfa849cc967069730b7e9d0809c9dc1.svg",
        "type": "costume",
        "tags": [],
        "info": [
            32,
            39,
            1
        ]
    },
    {
        "name": "ZGlow-Q",
        "md5": "9d35979e9404ac234301269fcd7de288.svg",
        "type": "costume",
        "tags": [],
        "info": [
            33,
            43,
            1
        ]
    },
    {
        "name": "ZGlow-R",
        "md5": "fc067ee076ecaba8430ccd54d9414c1b.svg",
        "type": "costume",
        "tags": [],
        "info": [
            35,
            38,
            1
        ]
    },
    {
        "name": "ZGlow-S",
        "md5": "19a93db8a294ccaec4d6eef4020a446f.svg",
        "type": "costume",
        "tags": [],
        "info": [
            27,
            40,
            1
        ]
    },
    {
        "name": "ZGlow-T",
        "md5": "d7bcda522a1e9504dafcf2fa0fcde39b.svg",
        "type": "costume",
        "tags": [],
        "info": [
            35,
            38,
            1
        ]
    },
    {
        "name": "ZGlow-U",
        "md5": "790482a3c3691a1e96ef34eee7303872.svg",
        "type": "costume",
        "tags": [],
        "info": [
            37,
            37,
            1
        ]
    },
    {
        "name": "ZGlow-V",
        "md5": "6a00388d8dc6be645b843cef9c22681c.svg",
        "type": "costume",
        "tags": [],
        "info": [
            35,
            42,
            1
        ]
    },
    {
        "name": "ZGlow-W",
        "md5": "1a9ea7305a85b271c1de79beafe16cb4.svg",
        "type": "costume",
        "tags": [],
        "info": [
            45,
            41,
            1
        ]
    },
    {
        "name": "ZGlow-X",
        "md5": "ec4e65b9ae475a676973128f4205df5f.svg",
        "type": "costume",
        "tags": [],
        "info": [
            40,
            39,
            1
        ]
    },
    {
        "name": "ZGlow-Y",
        "md5": "683cd093bb3b254733a15df6f843464c.svg",
        "type": "costume",
        "tags": [],
        "info": [
            38,
            41,
            1
        ]
    },
    {
        "name": "ZGlow-Z",
        "md5": "db89a4c9b123123542e0b7556ed3ff9f.svg",
        "type": "costume",
        "tags": [],
        "info": [
            30,
            39,
            1
        ]
    },
    {
        "name": "ZPixel-0",
        "md5": "cd1f984997b44de464bbf86fc073b280.svg",
        "type": "costume",
        "tags": [],
        "info": [
            13,
            18,
            1
        ]
    },
    {
        "name": "ZPixel-1",
        "md5": "4ec3d6c4ef14112ed7c6ba6b9549da3b.svg",
        "type": "costume",
        "tags": [],
        "info": [
            7,
            20,
            1
        ]
    },
    {
        "name": "ZPixel-2",
        "md5": "d0136e77a646a3ad719aaa7f8f95a7ff.svg",
        "type": "costume",
        "tags": [],
        "info": [
            14,
            17,
            1
        ]
    },
    {
        "name": "ZPixel-3",
        "md5": "7c1700f0dcfb418662d29ba6faa114e7.svg",
        "type": "costume",
        "tags": [],
        "info": [
            14,
            18,
            1
        ]
    },
    {
        "name": "ZPixel-4",
        "md5": "6238b9b95fad7f7aa9cef9bde5bde474.svg",
        "type": "costume",
        "tags": [],
        "info": [
            14,
            19,
            1
        ]
    },
    {
        "name": "ZPixel-5",
        "md5": "aef915acf1d49deed46692411e6c6039.svg",
        "type": "costume",
        "tags": [],
        "info": [
            12,
            19,
            1
        ]
    },
    {
        "name": "ZPixel-6",
        "md5": "e6ad1d1fe44a1c63c8f99c0bbb893a44.svg",
        "type": "costume",
        "tags": [],
        "info": [
            14,
            17,
            1
        ]
    },
    {
        "name": "ZPixel-7",
        "md5": "469b4fb6f6f8721e2c244ae9c71a7e66.svg",
        "type": "costume",
        "tags": [],
        "info": [
            12,
            19,
            1
        ]
    },
    {
        "name": "ZPixel-8",
        "md5": "5bfcf2c715b81ae380ae2983bb4c5bb2.svg",
        "type": "costume",
        "tags": [],
        "info": [
            14,
            19,
            1
        ]
    },
    {
        "name": "ZPixel-9",
        "md5": "8014a66c758f1bc389194c988badb382.svg",
        "type": "costume",
        "tags": [],
        "info": [
            12,
            20,
            1
        ]
    },
    {
        "name": "ZPixel-A",
        "md5": "a54da6be420c9e8e7cb02e2a568f3442.svg",
        "type": "costume",
        "tags": [],
        "info": [
            14,
            19,
            1
        ]
    },
    {
        "name": "ZPixel-B",
        "md5": "e47682020873e276f550421f0d854523.svg",
        "type": "costume",
        "tags": [],
        "info": [
            14,
            18,
            1
        ]
    },
    {
        "name": "ZPixel-C",
        "md5": "ee1958ffbae4e0fd836622ae183b55bd.svg",
        "type": "costume",
        "tags": [],
        "info": [
            14,
            20,
            1
        ]
    },
    {
        "name": "ZPixel-D",
        "md5": "d759df99f347d9b7d59e1f703e8e1438.svg",
        "type": "costume",
        "tags": [],
        "info": [
            14,
            20,
            1
        ]
    },
    {
        "name": "ZPixel-E",
        "md5": "059a64a90014dc69c510b562cdf94df7.svg",
        "type": "costume",
        "tags": [],
        "info": [
            11,
            19,
            1
        ]
    },
    {
        "name": "ZPixel-F",
        "md5": "ebbc6dc0f7d1a89b159aac3f76fe52f4.svg",
        "type": "costume",
        "tags": [],
        "info": [
            10,
            20,
            1
        ]
    },
    {
        "name": "ZPixel-G",
        "md5": "203dfa253635f0e52059e835c51fa6f8.svg",
        "type": "costume",
        "tags": [],
        "info": [
            15,
            22,
            1
        ]
    },
    {
        "name": "ZPixel-H",
        "md5": "d9a94d9b9abc9e26eb91d22d197a1556.svg",
        "type": "costume",
        "tags": [],
        "info": [
            15,
            20,
            1
        ]
    },
    {
        "name": "ZPixel-I",
        "md5": "aeb851adc39da9582a379af1ed6d0efe.svg",
        "type": "costume",
        "tags": [],
        "info": [
            9,
            21,
            1
        ]
    },
    {
        "name": "ZPixel-J",
        "md5": "c18906f764b2889a8fc0b3c16db28bf0.svg",
        "type": "costume",
        "tags": [],
        "info": [
            14,
            20,
            1
        ]
    },
    {
        "name": "ZPixel-K",
        "md5": "4483633d2ae26987d0efe359aaf1357b.svg",
        "type": "costume",
        "tags": [],
        "info": [
            14,
            20,
            1
        ]
    },
    {
        "name": "ZPixel-L",
        "md5": "0625b64705d62748c6105e969859fe0d.svg",
        "type": "costume",
        "tags": [],
        "info": [
            11,
            18,
            1
        ]
    },
    {
        "name": "ZPixel-M",
        "md5": "46ccf731f158b9dda75f4e71a5bcd282.svg",
        "type": "costume",
        "tags": [],
        "info": [
            19,
            16,
            1
        ]
    },
    {
        "name": "ZPixel-N",
        "md5": "f9d3b49b5962ff4070fae186b8b71e39.svg",
        "type": "costume",
        "tags": [],
        "info": [
            14,
            19,
            1
        ]
    },
    {
        "name": "ZPixel-O",
        "md5": "668b21968078f3b7b1a9ccd74407fa1e.svg",
        "type": "costume",
        "tags": [],
        "info": [
            13,
            19,
            1
        ]
    },
    {
        "name": "ZPixel-P",
        "md5": "02011265d2597175c7496da667265f4a.svg",
        "type": "costume",
        "tags": [],
        "info": [
            13,
            19,
            1
        ]
    },
    {
        "name": "ZPixel-Q",
        "md5": "8c77c87dd0ed2613873cff0795ffc701.svg",
        "type": "costume",
        "tags": [],
        "info": [
            13,
            21,
            1
        ]
    },
    {
        "name": "ZPixel-R",
        "md5": "c94daea3bd1e8cec36e1aa4e0b1d3f2b.svg",
        "type": "costume",
        "tags": [],
        "info": [
            13,
            19,
            1
        ]
    },
    {
        "name": "ZPixel-S",
        "md5": "2fedb1b52f4a4500938a3a52085344e6.svg",
        "type": "costume",
        "tags": [],
        "info": [
            13,
            20,
            1
        ]
    },
    {
        "name": "ZPixel-T",
        "md5": "3f481b967f82014c7cf6dd14d438c32d.svg",
        "type": "costume",
        "tags": [],
        "info": [
            13,
            20,
            1
        ]
    },
    {
        "name": "ZPixel-U",
        "md5": "a207644e4adb613f410f80a7e123db60.svg",
        "type": "costume",
        "tags": [],
        "info": [
            14,
            19,
            1
        ]
    },
    {
        "name": "ZPixel-V",
        "md5": "1bb20febe562fa291bea94be1e2d44ba.svg",
        "type": "costume",
        "tags": [],
        "info": [
            14,
            20,
            1
        ]
    },
    {
        "name": "ZPixel-W",
        "md5": "34b628e8c84cc551a1fa740b85afb750.svg",
        "type": "costume",
        "tags": [],
        "info": [
            13,
            19,
            1
        ]
    },
    {
        "name": "ZPixel-X",
        "md5": "4cc2d68ceb08176481e882ed39e4f5d5.svg",
        "type": "costume",
        "tags": [],
        "info": [
            14,
            19,
            1
        ]
    },
    {
        "name": "ZPixel-Y",
        "md5": "e6c377982c023761796eaed1047169e6.svg",
        "type": "costume",
        "tags": [],
        "info": [
            13,
            18,
            1
        ]
    },
    {
        "name": "ZPixel-Z",
        "md5": "ecadc3a562c9aa963717fcdf07ec96b4.svg",
        "type": "costume",
        "tags": [],
        "info": [
            12,
            18,
            1
        ]
    }
]