[
    {
        "name": "A Bass",
        "md5": "c04ebf21e5e19342fa1535e4efcdb43b.wav",
        "sampleCount": 28160,
        "rate": 22050,
        "format": ""
    },
    {
        "name": "A Elec Bass",
        "md5": "5cb46ddd903fc2c9976ff881df9273c9.wav",
        "sampleCount": 5920,
        "rate": 22050,
        "format": ""
    },
    {
        "name": "A Elec Guitar",
        "md5": "fa5f7fea601e9368dd68449d9a54c995.wav",
        "sampleCount": 44100,
        "rate": 22050,
        "format": ""
    },
    {
        "name": "A Elec Piano",
        "md5": "0cfa8e84d6a5cd63afa31d541625a9ef.wav",
        "sampleCount": 44100,
        "rate": 22050,
        "format": ""
    },
    {
        "name": "A Guitar",
        "md5": "ee753e87d212d4b2fb650ca660f1e839.wav",
        "sampleCount": 31872,
        "rate": 22050,
        "format": ""
    },
    {
        "name": "A Minor Ukulele",
        "md5": "69d25af0fd065da39c71439174efc589.wav",
        "sampleCount": 18267,
        "rate": 22050,
        "format": ""
    },
    {
        "name": "A Piano",
        "md5": "0727959edb2ea0525feed9b0c816991c.wav",
        "sampleCount": 44100,
        "rate": 22050,
        "format": ""
    },
    {
        "name": "A Sax",
        "md5": "420991e0d6d99292c6d736963842536a.wav",
        "sampleCount": 6472,
        "rate": 22050,
        "format": ""
    },
    {
        "name": "A Trombone",
        "md5": "863ccc8ba66e6dabbce2a1261c22be0f.wav",
        "sampleCount": 17227,
        "rate": 22050,
        "format": "adpcm"
    },
    {
        "name": "A Trumpet",
        "md5": "d2dd6b4372ca17411965dc92d52b2172.wav",
        "sampleCount": 13911,
        "rate": 22050,
        "format": ""
    },
    {
        "name": "Afro String",
        "md5": "3477ccfde26047eeb93ff43a21ac7d3d.wav",
        "sampleCount": 9807,
        "rate": 11025,
        "format": ""
    },
    {
        "name": "Alien Creak1",
        "md5": "0377a7476136e5e8c780c64a4828922d.wav",
        "sampleCount": 8045,
        "rate": 11025,
        "format": ""
    },
    {
        "name": "Alien Creak2",
        "md5": "21f82b7f1a83c501539c5031aea4fa8c.wav",
        "sampleCount": 8300,
        "rate": 11025,
        "format": ""
    },
    {
        "name": "B Bass",
        "md5": "e31dcaf7bcdf58ac2a26533c48936c45.wav",
        "sampleCount": 25792,
        "rate": 22050,
        "format": ""
    },
    {
        "name": "B Elec Bass",
        "md5": "5a0701d0a914223b5288300ac94e90e4.wav",
        "sampleCount": 6208,
        "rate": 22050,
        "format": ""
    },
    {
        "name": "B Elec Guitar",
        "md5": "81f142d0b00189703d7fe9b1f13f6f87.wav",
        "sampleCount": 44100,
        "rate": 22050,
        "format": ""
    },
    {
        "name": "B Elec Piano",
        "md5": "9cc77167419f228503dd57fddaa5b2a6.wav",
        "sampleCount": 44100,
        "rate": 22050,
        "format": ""
    },
    {
        "name": "B Guitar",
        "md5": "2ae2d67de62df8ca54d638b4ad2466c3.wav",
        "sampleCount": 29504,
        "rate": 22050,
        "format": ""
    },
    {
        "name": "B Piano",
        "md5": "86826c6022a46370ed1afae69f1ab1b9.wav",
        "sampleCount": 44100,
        "rate": 22050,
        "format": ""
    },
    {
        "name": "B Sax",
        "md5": "653ebe92d491b49ad5d8101d629f567b.wav",
        "sampleCount": 9555,
        "rate": 22050,
        "format": ""
    },
    {
        "name": "B Trombone",
        "md5": "85b663229525b73d9f6647f78eb23e0a.wav",
        "sampleCount": 15522,
        "rate": 22050,
        "format": ""
    },
    {
        "name": "B Trumpet",
        "md5": "cad2bc57729942ed9b605145fc9ea65d.wav",
        "sampleCount": 14704,
        "rate": 22050,
        "format": ""
    },
    {
        "name": "Bass Beatbox",
        "md5": "28153621d293c86da0b246d314458faf.wav",
        "sampleCount": 6720,
        "rate": 22050,
        "format": ""
    },
    {
        "name": "Beat Box1",
        "md5": "663270af0235bf14c890ba184631675f.wav",
        "sampleCount": 5729,
        "rate": 11025,
        "format": ""
    },
    {
        "name": "Beat Box2",
        "md5": "b9b8073f6aa9a60085ad11b0341a4af2.wav",
        "sampleCount": 5729,
        "rate": 11025,
        "format": ""
    },
    {
        "name": "Bell Cymbal",
        "md5": "efddec047de95492f775a1b5b2e8d19e.wav",
        "sampleCount": 19328,
        "rate": 22050,
        "format": ""
    },
    {
        "name": "Bell Toll",
        "md5": "25d61e79cbeba4041eebeaebd7bf9598.wav",
        "sampleCount": 45168,
        "rate": 11025,
        "format": ""
    },
    {
        "name": "Bird",
        "md5": "18bd4b634a3f992a16b30344c7d810e0.wav",
        "sampleCount": 3840,
        "rate": 11025,
        "format": ""
    },
    {
        "name": "Birthday",
        "md5": "e8df0951694293fe17850260b4d12734.wav",
        "sampleCount": 167040,
        "rate": 22050,
        "format": ""
    },
    {
        "name": "Birthday Bells",
        "md5": "89691587a169d935a58c48c3d4e78534.wav",
        "sampleCount": 161408,
        "rate": 22050,
        "format": ""
    },
    {
        "name": "Birthday Song",
        "md5": "89691587a169d935a58c48c3d4e78534.wav",
        "sampleCount": 161408,
        "rate": 22050,
        "format": ""
    },
    {
        "name": "Boing",
        "md5": "53a3c2e27d1fb5fdb14aaf0cb41e7889.wav",
        "sampleCount": 6804,
        "rate": 22050,
        "format": "adpcm"
    },
    {
        "name": "Bubbles",
        "md5": "78b0be9c9c2f664158b886bc7e794095.wav",
        "sampleCount": 45056,
        "rate": 11025,
        "format": ""
    },
    {
        "name": "Buzz Whir",
        "md5": "d4f76ded6bccd765958d15b63804de55.wav",
        "sampleCount": 9037,
        "rate": 11025,
        "format": ""
    },
    {
        "name": "C Bass",
        "md5": "c3566ec797b483acde28f790994cc409.wav",
        "sampleCount": 44608,
        "rate": 22050,
        "format": ""
    },
    {
        "name": "C Elec Bass",
        "md5": "69eee3d038ea0f1c34ec9156a789236d.wav",
        "sampleCount": 5216,
        "rate": 22050,
        "format": ""
    },
    {
        "name": "C Elec Guitar",
        "md5": "0d340de02e14bebaf8dfa0e43eb3f1f9.wav",
        "sampleCount": 44100,
        "rate": 22050,
        "format": ""
    },
    {
        "name": "C Elec Piano",
        "md5": "8366ee963cc57ad24a8a35a26f722c2b.wav",
        "sampleCount": 44100,
        "rate": 22050,
        "format": ""
    },
    {
        "name": "C Guitar",
        "md5": "22baa07795a9a524614075cdea543793.wav",
        "sampleCount": 44864,
        "rate": 22050,
        "format": ""
    },
    {
        "name": "C Major Ukulele",
        "md5": "aa2ca112507b59b5337f341aaa75fb08.wav",
        "sampleCount": 18203,
        "rate": 22050,
        "format": ""
    },
    {
        "name": "C Piano",
        "md5": "d27ed8d953fe8f03c00f4d733d31d2cc.wav",
        "sampleCount": 44100,
        "rate": 22050,
        "format": ""
    },
    {
        "name": "C Sax",
        "md5": "4d2c939d6953b5f241a27a62cf72de64.wav",
        "sampleCount": 9491,
        "rate": 22050,
        "format": ""
    },
    {
        "name": "C Trombone",
        "md5": "821b23a489201a0f21f47ba8528ba47f.wav",
        "sampleCount": 19053,
        "rate": 22050,
        "format": ""
    },
    {
        "name": "C Trumpet",
        "md5": "8970afcdc4e47bb54959a81fe27522bd.wav",
        "sampleCount": 13118,
        "rate": 22050,
        "format": ""
    },
    {
        "name": "C2 Bass",
        "md5": "667d6c527b79321d398e85b526f15b99.wav",
        "sampleCount": 24128,
        "rate": 22050,
        "format": ""
    },
    {
        "name": "C2 Elec Bass",
        "md5": "56fc995b8860e713c5948ecd1c2ae572.wav",
        "sampleCount": 5792,
        "rate": 22050,
        "format": ""
    },
    {
        "name": "C2 Elec Guitar",
        "md5": "3a8ed3129f22cba5b0810bc030d16b5f.wav",
        "sampleCount": 44100,
        "rate": 22050,
        "format": ""
    },
    {
        "name": "C2 Elec Piano",
        "md5": "366c7edbd4dd5cca68bf62902999bd66.wav",
        "sampleCount": 44100,
        "rate": 22050,
        "format": ""
    },
    {
        "name": "C2 Guitar",
        "md5": "c8d2851bd99d8e0ce6c1f05e4acc7f34.wav",
        "sampleCount": 27712,
        "rate": 22050,
        "format": ""
    },
    {
        "name": "C2 Piano",
        "md5": "75d7d2c9b5d40dd4e1cb268111abf1a2.wav",
        "sampleCount": 44100,
        "rate": 22050,
        "format": ""
    },
    {
        "name": "C2 Sax",
        "md5": "ea8d34b18c3d8fe328cea201666458bf.wav",
        "sampleCount": 7349,
        "rate": 22050,
        "format": "adpcm"
    },
    {
        "name": "C2 Trombone",
        "md5": "68aec107bd3633b2ee40c532eedc3897.wav",
        "sampleCount": 13904,
        "rate": 22050,
        "format": ""
    },
    {
        "name": "C2 Trumpet",
        "md5": "df08249ed5446cc5e10b7ac62faac89b.wav",
        "sampleCount": 15849,
        "rate": 22050,
        "format": ""
    },
    {
        "name": "Car Passing",
        "md5": "c21a5ad00b40b5ce923e56c905c94a9f.wav",
        "sampleCount": 84992,
        "rate": 11025,
        "format": ""
    },
    {
        "name": "Cave",
        "md5": "881f1bf5f301a36efcce4204a44af9ab.wav",
        "sampleCount": 163584,
        "rate": 22050,
        "format": "adpcm"
    },
    {
        "name": "Chee Chee",
        "md5": "25f4826cdd61e0a1c623ec2324c16ca0.wav",
        "sampleCount": 34560,
        "rate": 22050,
        "format": ""
    },
    {
        "name": "Cheer",
        "md5": "4b36eebf22be4667fc2f15b78c805b4c.wav",
        "sampleCount": 62528,
        "rate": 22050,
        "format": ""
    },
    {
        "name": "Chomp",
        "md5": "0b1e3033140d094563248e61de4039e5.wav",
        "sampleCount": 2912,
        "rate": 11025,
        "format": ""
    },
    {
        "name": "Chord",
        "md5": "7ffe91cce06c5415df53610d173336e7.wav",
        "sampleCount": 20608,
        "rate": 11025,
        "format": ""
    },
    {
        "name": "Clap Beatbox",
        "md5": "abc70bb390f8e55f22f32265500d814a.wav",
        "sampleCount": 4224,
        "rate": 22050,
        "format": ""
    },
    {
        "name": "Clapping",
        "md5": "684ffae7bc3a65e35e9f0aaf7a579dd5.wav",
        "sampleCount": 84160,
        "rate": 22050,
        "format": ""
    },
    {
        "name": "Computer Beeps1",
        "md5": "1da43f6d52d0615da8a250e28100a80d.wav",
        "sampleCount": 19200,
        "rate": 11025,
        "format": ""
    },
    {
        "name": "Computer Beeps2",
        "md5": "28c76b6bebd04be1383fe9ba4933d263.wav",
        "sampleCount": 9536,
        "rate": 11025,
        "format": ""
    },
    {
        "name": "Cough-female",
        "md5": "98ec3e1eeb7893fca519aa52cc1ef3c1.wav",
        "sampleCount": 7516,
        "rate": 11025,
        "format": ""
    },
    {
        "name": "Cough-male",
        "md5": "467fe8ef3cab475af4b3088fd1261510.wav",
        "sampleCount": 16612,
        "rate": 22050,
        "format": ""
    },
    {
        "name": "Crash Beatbox",
        "md5": "725e29369e9138a43f11e0e5eb3eb562.wav",
        "sampleCount": 26883,
        "rate": 22050,
        "format": ""
    },
    {
        "name": "Crash Cymbal",
        "md5": "f2c47a46f614f467a7ac802ed9ec3d8e.wav",
        "sampleCount": 25220,
        "rate": 22050,
        "format": ""
    },
    {
        "name": "Cricket",
        "md5": "a2b3cac37065c109aac17ed46005445e.wav",
        "sampleCount": 3673,
        "rate": 22050,
        "format": ""
    },
    {
        "name": "Crickets",
        "md5": "cae6206eb3c57bb8c4b3e2ca362dfa6d.wav",
        "sampleCount": 92160,
        "rate": 22050,
        "format": ""
    },
    {
        "name": "Cymbal",
        "md5": "7c5405a9cf561f65a941aff10e661593.wav",
        "sampleCount": 24118,
        "rate": 22050,
        "format": "adpcm"
    },
    {
        "name": "Cymbal Crash",
        "md5": "fa2c9da1d4fd70207ab749851853cb50.wav",
        "sampleCount": 25219,
        "rate": 22050,
        "format": ""
    },
    {
        "name": "Cymbal Echo",
        "md5": "bb243badd1201b2607bf2513df10cd97.wav",
        "sampleCount": 44326,
        "rate": 22050,
        "format": ""
    },
    {
        "name": "D Bass",
        "md5": "5a3ae8a2665f50fdc38cc301fbac79ba.wav",
        "sampleCount": 40192,
        "rate": 22050,
        "format": ""
    },
    {
        "name": "D Elec Bass",
        "md5": "67a6d1aa68233a2fa641aee88c7f051f.wav",
        "sampleCount": 5568,
        "rate": 22050,
        "format": ""
    },
    {
        "name": "D Elec Guitar",
        "md5": "1b5de9866801eb2f9d4f57c7c3b473f5.wav",
        "sampleCount": 44100,
        "rate": 22050,
        "format": ""
    },
    {
        "name": "D Elec Piano",
        "md5": "835f136ca8d346a17b4d4baf8405be37.wav",
        "sampleCount": 44100,
        "rate": 22050,
        "format": ""
    },
    {
        "name": "D Guitar",
        "md5": "2dbcfae6a55738f94bbb40aa5fcbf7ce.wav",
        "sampleCount": 41120,
        "rate": 22050,
        "format": ""
    },
    {
        "name": "D Piano",
        "md5": "51381ac422605ee8c7d64cfcbfd75efc.wav",
        "sampleCount": 44100,
        "rate": 22050,
        "format": ""
    },
    {
        "name": "D Sax",
        "md5": "39f41954a73c0e15d842061e1a4c5e1d.wav",
        "sampleCount": 9555,
        "rate": 22050,
        "format": ""
    },
    {
        "name": "D Trombone",
        "md5": "f3afca380ba74372d611d3f518c2f35b.wav",
        "sampleCount": 17339,
        "rate": 22050,
        "format": ""
    },
    {
        "name": "D Trumpet",
        "md5": "0b1345b8fe2ba3076fedb4f3ae48748a.wav",
        "sampleCount": 12702,
        "rate": 22050,
        "format": ""
    },
    {
        "name": "Dance Around",
        "md5": "8bcea76415eaf98ec1cbc3825845b934.wav",
        "sampleCount": 343746,
        "rate": 22050,
        "format": "adpcm"
    },
    {
        "name": "Dance Celebrate",
        "md5": "0edb8fb88af19e6e17d0f8cf64c1d136.wav",
        "sampleCount": 176401,
        "rate": 22050,
        "format": "adpcm"
    },
    {
        "name": "Dance Chill Out",
        "md5": "b235da45581b1f212c9e9cce70d2a2dc.wav",
        "sampleCount": 222822,
        "rate": 22050,
        "format": "adpcm"
    },
    {
        "name": "Dance Funky",
        "md5": "a8383eaddc02d33714dc5832c02ccf13.wav",
        "sampleCount": 111412,
        "rate": 22050,
        "format": "adpcm"
    },
    {
        "name": "Dance Head Nod",
        "md5": "65e8a47d55df3f4cb17722959f6220db.wav",
        "sampleCount": 124519,
        "rate": 22050,
        "format": "adpcm"
    },
    {
        "name": "Dance Magic",
        "md5": "042309f190183383c0b1c1fc3edc2e84.wav",
        "sampleCount": 187200,
        "rate": 22050,
        "format": "adpcm"
    },
    {
        "name": "Dance Slow Mo",
        "md5": "329ee6f3418c0a569418e102e620edf0.wav",
        "sampleCount": 445643,
        "rate": 22050,
        "format": "adpcm"
    },
    {
        "name": "Dance Snare Beat",
        "md5": "562587bdb75e3a8124cdaa46ba0f648b.wav",
        "sampleCount": 176401,
        "rate": 22050,
        "format": "adpcm"
    },
    {
        "name": "Dance Space",
        "md5": "e15333f5ffaf08e145ace1610fccd67d.wav",
        "sampleCount": 88200,
        "rate": 22050,
        "format": "adpcm"
    },
    {
        "name": "Dog1",
        "md5": "b15adefc3c12f758b6dc6a045362532f.wav",
        "sampleCount": 3672,
        "rate": 22050,
        "format": ""
    },
    {
        "name": "Dog2",
        "md5": "cd8fa8390b0efdd281882533fbfcfcfb.wav",
        "sampleCount": 3168,
        "rate": 22050,
        "format": ""
    },
    {
        "name": "Door Creak",
        "md5": "56985da9c052a5e26007c99aa5a958f7.wav",
        "sampleCount": 54272,
        "rate": 11025,
        "format": ""
    },
    {
        "name": "Drip Drop",
        "md5": "3249e61fa135d0a1d68ff515ba3bd92f.wav",
        "sampleCount": 62680,
        "rate": 22050,
        "format": "adpcm"
    },
    {
        "name": "Drive Around",
        "md5": "a3a85fb8564b0266f50a9c091087b7aa.wav",
        "sampleCount": 44096,
        "rate": 22050,
        "format": ""
    },
    {
        "name": "Drum",
        "md5": "f730246174873cd4ae4127c83e475b50.wav",
        "sampleCount": 107136,
        "rate": 22050,
        "format": "adpcm"
    },
    {
        "name": "Drum Bass1",
        "md5": "48328c874353617451e4c7902cc82817.wav",
        "sampleCount": 6528,
        "rate": 22050,
        "format": ""
    },
    {
        "name": "Drum Bass2",
        "md5": "711a1270d1cf2e5de9b145ee539213e4.wav",
        "sampleCount": 3791,
        "rate": 22050,
        "format": "adpcm"
    },
    {
        "name": "Drum Bass3",
        "md5": "c21704337b16359ea631b5f8eb48f765.wav",
        "sampleCount": 8576,
        "rate": 22050,
        "format": ""
    },
    {
        "name": "Drum Buzz",
        "md5": "3650dc4262bcc5010c0d8fa8d7c670cf.wav",
        "sampleCount": 5742,
        "rate": 11025,
        "format": ""
    },
    {
        "name": "Drum Funky",
        "md5": "fb56022366d21b299cbc3fd5e16000c2.wav",
        "sampleCount": 44748,
        "rate": 22050,
        "format": "adpcm"
    },
    {
        "name": "Drum Jam",
        "md5": "8b5486ccc806e97e83049d25b071f7e4.wav",
        "sampleCount": 44288,
        "rate": 22050,
        "format": ""
    },
    {
        "name": "Drum Machine",
        "md5": "f9d53d773b42e16df3dfca6174015592.wav",
        "sampleCount": 105984,
        "rate": 22050,
        "format": "adpcm"
    },
    {
        "name": "Drum Satellite",
        "md5": "079067d7909f791b29f8be1c00fc2131.wav",
        "sampleCount": 44096,
        "rate": 22050,
        "format": ""
    },
    {
        "name": "Drum Set1",
        "md5": "38a2bb8129bddb4e8eaa06781cfa3040.wav",
        "sampleCount": 46080,
        "rate": 22050,
        "format": "adpcm"
    },
    {
        "name": "Drum Set2",
        "md5": "738e871fda577295e8beb9021f670e28.wav",
        "sampleCount": 37440,
        "rate": 22050,
        "format": "adpcm"
    },
    {
        "name": "Duck",
        "md5": "af5b039e1b05e0ccb12944f648a8884e.wav",
        "sampleCount": 5792,
        "rate": 22050,
        "format": ""
    },
    {
        "name": "E Bass",
        "md5": "0657e39bae81a232b01a18f727d3b891.wav",
        "sampleCount": 36160,
        "rate": 22050,
        "format": ""
    },
    {
        "name": "E Elec Bass",
        "md5": "0704b8ceabe54f1dcedda8c98f1119fd.wav",
        "sampleCount": 5691,
        "rate": 22050,
        "format": ""
    },
    {
        "name": "E Elec Guitar",
        "md5": "2e6a6ae3e0f72bf78c74def8130f459a.wav",
        "sampleCount": 44100,
        "rate": 22050,
        "format": ""
    },
    {
        "name": "E Elec Piano",
        "md5": "ab3c198f8e36efff14f0a5bad35fa3cd.wav",
        "sampleCount": 44100,
        "rate": 22050,
        "format": ""
    },
    {
        "name": "E Guitar",
        "md5": "4b5d1da83e59bf35578324573c991666.wav",
        "sampleCount": 38400,
        "rate": 22050,
        "format": ""
    },
    {
        "name": "E Piano",
        "md5": "c818fdfaf8a0efcb562e24e794700a57.wav",
        "sampleCount": 44100,
        "rate": 22050,
        "format": ""
    },
    {
        "name": "E Sax",
        "md5": "3568b7dfe173fab6877a9ff1dcbcf1aa.wav",
        "sampleCount": 7489,
        "rate": 22050,
        "format": ""
    },
    {
        "name": "E Trombone",
        "md5": "c859fb0954acaa25c4b329df5fb76434.wav",
        "sampleCount": 16699,
        "rate": 22050,
        "format": ""
    },
    {
        "name": "E Trumpet",
        "md5": "494295a92314cadb220945a6711c568c.wav",
        "sampleCount": 8680,
        "rate": 22050,
        "format": "adpcm"
    },
    {
        "name": "Eggs",
        "md5": "659de1f3826ece8dbeca948884835f14.wav",
        "sampleCount": 336480,
        "rate": 22050,
        "format": "adpcm"
    },
    {
        "name": "Elec Piano A Minor",
        "md5": "8fe470b5f2fb58364b153fe647adcbbf.wav",
        "sampleCount": 44100,
        "rate": 22050,
        "format": ""
    },
    {
        "name": "Elec Piano C Major",
        "md5": "228429930dfc60f48d75ce8e14291416.wav",
        "sampleCount": 44100,
        "rate": 22050,
        "format": ""
    },
    {
        "name": "Elec Piano F Major",
        "md5": "740098316ed06d9a64c14b93f65c5da5.wav",
        "sampleCount": 44100,
        "rate": 22050,
        "format": ""
    },
    {
        "name": "Elec Piano G Major",
        "md5": "5a5f5de80bcdf782250e889747b374bd.wav",
        "sampleCount": 43908,
        "rate": 22050,
        "format": ""
    },
    {
        "name": "Elec Piano Loop",
        "md5": "7b4822ccca655db47de0880bab0e7bd9.wav",
        "sampleCount": 43844,
        "rate": 22050,
        "format": ""
    },
    {
        "name": "F Bass",
        "md5": "ea21bdae86f70d60b28f1dddcf50d104.wav",
        "sampleCount": 34368,
        "rate": 22050,
        "format": ""
    },
    {
        "name": "F Elec Bass",
        "md5": "45eedb4ce62a9cbbd2207824b94a4641.wav",
        "sampleCount": 5312,
        "rate": 22050,
        "format": ""
    },
    {
        "name": "F Elec Guitar",
        "md5": "5eb00f15f21f734986aa45156d44478d.wav",
        "sampleCount": 44100,
        "rate": 22050,
        "format": ""
    },
    {
        "name": "F Elec Piano",
        "md5": "dc5e368fc0d0dad1da609bfc3e29aa15.wav",
        "sampleCount": 44100,
        "rate": 22050,
        "format": ""
    },
    {
        "name": "F Guitar",
        "md5": "b51d086aeb1921ec405561df52ecbc50.wav",
        "sampleCount": 36416,
        "rate": 22050,
        "format": ""
    },
    {
        "name": "F Major Ukulele",
        "md5": "cd0ab5d1b0120c6ed92a1654ccf81376.wav",
        "sampleCount": 18235,
        "rate": 22050,
        "format": ""
    },
    {
        "name": "F Piano",
        "md5": "cdab3cce84f74ecf53e3941c6a003b5e.wav",
        "sampleCount": 44100,
        "rate": 22050,
        "format": ""
    },
    {
        "name": "F Sax",
        "md5": "2ae3083817bcd595e26ea2884b6684d5.wav",
        "sampleCount": 7361,
        "rate": 22050,
        "format": "adpcm"
    },
    {
        "name": "F Trombone",
        "md5": "d6758470457aac2aa712717a676a5163.wav",
        "sampleCount": 19373,
        "rate": 22050,
        "format": ""
    },
    {
        "name": "F Trumpet",
        "md5": "5fa3108b119ca266029b4caa340a7cd0.wav",
        "sampleCount": 12766,
        "rate": 22050,
        "format": ""
    },
    {
        "name": "Fairydust",
        "md5": "b92de59d992a655c1b542223a784cda6.wav",
        "sampleCount": 11247,
        "rate": 22050,
        "format": ""
    },
    {
        "name": "Finger Snap",
        "md5": "99d02ffb3212d86b3e5b173b6f33f835.wav",
        "sampleCount": 1985,
        "rate": 11025,
        "format": ""
    },
    {
        "name": "Flam Snare",
        "md5": "3b6cce9f8c56c0537ca61eee3945cd1d.wav",
        "sampleCount": 4416,
        "rate": 22050,
        "format": ""
    },
    {
        "name": "Footsteps-1",
        "md5": "c893b0a9b3e2e0594f1f921a12aa66be.wav",
        "sampleCount": 58880,
        "rate": 11025,
        "format": ""
    },
    {
        "name": "G Bass",
        "md5": "05c192194e8f1944514dce3833e33439.wav",
        "sampleCount": 30976,
        "rate": 22050,
        "format": ""
    },
    {
        "name": "G Elec Bass",
        "md5": "97b187d72219b994a6ef6a5a6b09605c.wav",
        "sampleCount": 5568,
        "rate": 22050,
        "format": ""
    },
    {
        "name": "G Elec Guitar",
        "md5": "cd0d0e7dad415b2ffa2ba7a61860eaf8.wav",
        "sampleCount": 44100,
        "rate": 22050,
        "format": ""
    },
    {
        "name": "G Elec Piano",
        "md5": "39525f6545d62a95d05153f92d63301a.wav",
        "sampleCount": 44100,
        "rate": 22050,
        "format": ""
    },
    {
        "name": "G Guitar",
        "md5": "98a835713ecea2f3ef9f4f442d52ad20.wav",
        "sampleCount": 33600,
        "rate": 22050,
        "format": ""
    },
    {
        "name": "G Piano",
        "md5": "42bb2ed28e7023e111b33220e1594a6f.wav",
        "sampleCount": 44100,
        "rate": 22050,
        "format": ""
    },
    {
        "name": "G Sax",
        "md5": "cefba5de46adfe5702485e0934bb1e13.wav",
        "sampleCount": 7349,
        "rate": 22050,
        "format": "adpcm"
    },
    {
        "name": "G Trombone",
        "md5": "9436fd7a0eacb4a6067e7db14236dde1.wav",
        "sampleCount": 17179,
        "rate": 22050,
        "format": ""
    },
    {
        "name": "G Trumpet",
        "md5": "e84afda25975f14b364118591538ccf4.wav",
        "sampleCount": 14640,
        "rate": 22050,
        "format": ""
    },
    {
        "name": "G Ukulele",
        "md5": "d20218f92ee606277658959005538e2d.wav",
        "sampleCount": 18235,
        "rate": 22050,
        "format": ""
    },
    {
        "name": "Garden",
        "md5": "7c25f6d39011cd2ee5ffb1af539d9d0c.wav",
        "sampleCount": 371520,
        "rate": 22050,
        "format": "adpcm"
    },
    {
        "name": "Gong",
        "md5": "9d30c38443691e9626d510546d98327c.wav",
        "sampleCount": 114432,
        "rate": 11025,
        "format": ""
    },
    {
        "name": "Goose",
        "md5": "16a3b9d516e125cdb2ad74cd8d205d71.wav",
        "sampleCount": 8208,
        "rate": 22050,
        "format": ""
    },
    {
        "name": "Guitar Chords1",
        "md5": "2b1a5bc63580d8625cf24ff3d7622c0b.wav",
        "sampleCount": 123264,
        "rate": 22050,
        "format": "adpcm"
    },
    {
        "name": "Guitar Chords2",
        "md5": "e956f15da397a13fae0c90d9fe4571fb.wav",
        "sampleCount": 158976,
        "rate": 22050,
        "format": "adpcm"
    },
    {
        "name": "Guitar Strum",
        "md5": "29000fa713f70765147ee0551fa42d9e.wav",
        "sampleCount": 25216,
        "rate": 11025,
        "format": ""
    },
    {
        "name": "Hand Clap",
        "md5": "9502142875e67f7b0292a117a27e9563.wav",
        "sampleCount": 2464,
        "rate": 22050,
        "format": ""
    },
    {
        "name": "Hey",
        "md5": "ec7c272faa862c9f8f731792e686e3c9.wav",
        "sampleCount": 5414,
        "rate": 22050,
        "format": "adpcm"
    },
    {
        "name": "Hi Beatbox",
        "md5": "5a07847bf246c227204728b05a3fc8f3.wav",
        "sampleCount": 5856,
        "rate": 22050,
        "format": ""
    },
    {
        "name": "Hi Na Tabla",
        "md5": "35b42d98c43404a5b1b52fb232a62bd7.wav",
        "sampleCount": 4096,
        "rate": 22050,
        "format": ""
    },
    {
        "name": "Hi Tun Tabla",
        "md5": "da734693dfa6a9a7eccdc7f9a0ca9840.wav",
        "sampleCount": 18656,
        "rate": 22050,
        "format": ""
    },
    {
        "name": "High Conga",
        "md5": "16144544de90e98a92a265d4fc3241ea.wav",
        "sampleCount": 8192,
        "rate": 22050,
        "format": ""
    },
    {
        "name": "High Hat",
        "md5": "0d91b2759ac861d156235f5ecf8d3218.wav",
        "sampleCount": 2757,
        "rate": 22050,
        "format": "adpcm"
    },
    {
        "name": "High Tom",
        "md5": "d623f99b3c8d33932eb2c6c9cfd817c5.wav",
        "sampleCount": 12320,
        "rate": 22050,
        "format": ""
    },
    {
        "name": "Hihat Beatbox",
        "md5": "5a07847bf246c227204728b05a3fc8f3.wav",
        "sampleCount": 5856,
        "rate": 22050,
        "format": ""
    },
    {
        "name": "Hihat Cymbal",
        "md5": "2d01f60d0f20ab39facbf707899c6b2a.wav",
        "sampleCount": 2752,
        "rate": 22050,
        "format": ""
    },
    {
        "name": "Hip Hop",
        "md5": "7ed8ce1853bde6dcbc6f7f5a1c65ae47.wav",
        "sampleCount": 108864,
        "rate": 22050,
        "format": "adpcm"
    },
    {
        "name": "Horse",
        "md5": "45ffcf97ee2edca0199ff5aa71a5b72e.wav",
        "sampleCount": 14464,
        "rate": 11025,
        "format": ""
    },
    {
        "name": "Horse Gallop",
        "md5": "058a34b5fb8b57178b5322d994b6b8c8.wav",
        "sampleCount": 38336,
        "rate": 11025,
        "format": ""
    },
    {
        "name": "Human Beatbox1",
        "md5": "37f37455c35fea71449926eb0bff05dd.wav",
        "sampleCount": 103680,
        "rate": 22050,
        "format": "adpcm"
    },
    {
        "name": "Human Beatbox2",
        "md5": "f62e9f7deeb0e06268df6edffa14f5de.wav",
        "sampleCount": 62392,
        "rate": 22050,
        "format": "adpcm"
    },
    {
        "name": "Jungle",
        "md5": "b234a04cc3958437c43ed3d93f34a345.wav",
        "sampleCount": 76032,
        "rate": 22050,
        "format": "adpcm"
    },
    {
        "name": "Kick Back",
        "md5": "9cd340d9d568b1479f731e69e103b3ce.wav",
        "sampleCount": 44748,
        "rate": 22050,
        "format": "adpcm"
    },
    {
        "name": "Kick Drum",
        "md5": "711a1270d1cf2e5de9b145ee539213e4.wav",
        "sampleCount": 3791,
        "rate": 22050,
        "format": "adpcm"
    },
    {
        "name": "Large Cowbell",
        "md5": "006316650ffc673dc02d36aa55881327.wav",
        "sampleCount": 20856,
        "rate": 22050,
        "format": "adpcm"
    },
    {
        "name": "Laser1",
        "md5": "46571f8ec0f2cc91666c80e312579082.wav",
        "sampleCount": 516,
        "rate": 11025,
        "format": ""
    },
    {
        "name": "Laser2",
        "md5": "27654ed2e3224f0a3f77c244e4fae9aa.wav",
        "sampleCount": 755,
        "rate": 11025,
        "format": ""
    },
    {
        "name": "Laugh-female",
        "md5": "1e8e7fb94103282d02a4bb597248c788.wav",
        "sampleCount": 13547,
        "rate": 11025,
        "format": ""
    },
    {
        "name": "Laugh-male1",
        "md5": "8b1e025f38b0635f7e34e9afcace1b5e.wav",
        "sampleCount": 14662,
        "rate": 11025,
        "format": ""
    },
    {
        "name": "Laugh-male2",
        "md5": "86dee6fa7cd73095ba17e4d666a27804.wav",
        "sampleCount": 32065,
        "rate": 11025,
        "format": ""
    },
    {
        "name": "Lo Geh Tabla",
        "md5": "9205359ab69d042ed3da8a160a651690.wav",
        "sampleCount": 30784,
        "rate": 22050,
        "format": ""
    },
    {
        "name": "Lo Gliss Tabla",
        "md5": "d7cd24689737569c93e7ea7344ba6b0e.wav",
        "sampleCount": 7008,
        "rate": 22050,
        "format": ""
    },
    {
        "name": "Low Conga",
        "md5": "0b6f94487cd8a1cf0bb77e15966656c3.wav",
        "sampleCount": 8384,
        "rate": 22050,
        "format": ""
    },
    {
        "name": "Low Tom",
        "md5": "1569bbbd8952b0575e5a5cb5aefb50ba.wav",
        "sampleCount": 20000,
        "rate": 22050,
        "format": ""
    },
    {
        "name": "Medieval1",
        "md5": "9329fef6a59c5406d70cbe5837976d6b.wav",
        "sampleCount": 213120,
        "rate": 22050,
        "format": "adpcm"
    },
    {
        "name": "Medieval2",
        "md5": "7bc8c4a9d0525f04451356c6cc483dd7.wav",
        "sampleCount": 324288,
        "rate": 22050,
        "format": "adpcm"
    },
    {
        "name": "Meow",
        "md5": "83c36d806dc92327b9e7049a565c6bff.wav",
        "sampleCount": 18688,
        "rate": 22050,
        "format": ""
    },
    {
        "name": "Meow2",
        "md5": "cf51a0c4088942d95bcc20af13202710.wav",
        "sampleCount": 6512,
        "rate": 11025,
        "format": ""
    },
    {
        "name": "Motorcycle Passing",
        "md5": "b49ab3a926da46578396d1faffd24d3b.wav",
        "sampleCount": 86016,
        "rate": 11025,
        "format": ""
    },
    {
        "name": "Muted Conga",
        "md5": "1d4abbe3c9bfe198a88badb10762de75.wav",
        "sampleCount": 4544,
        "rate": 22050,
        "format": ""
    },
    {
        "name": "Odesong-b",
        "md5": "2c41921491b1da2bfa1ebcaba34265ca.wav",
        "sampleCount": 212553,
        "rate": 22050,
        "format": "adpcm"
    },
    {
        "name": "Owl",
        "md5": "e8b6d605f5a1bb36c29e4e21ef754209.wav",
        "sampleCount": 8111,
        "rate": 11025,
        "format": ""
    },
    {
        "name": "Party Noise",
        "md5": "8f5a994abfa814da72272e766772dbac.wav",
        "sampleCount": 44672,
        "rate": 11025,
        "format": ""
    },
    {
        "name": "Plunge",
        "md5": "c09455ee9da0e7eeead42d4e73c2555d.wav",
        "sampleCount": 22400,
        "rate": 11025,
        "format": ""
    },
    {
        "name": "Pop",
        "md5": "83a9787d4cb6f3b7632b4ddfebf74367.wav",
        "sampleCount": 258,
        "rate": 11025,
        "format": ""
    },
    {
        "name": "Pop2",
        "md5": "83a9787d4cb6f3b7632b4ddfebf74367.wav",
        "sampleCount": 258,
        "rate": 11025,
        "format": ""
    },
    {
        "name": "Rattle",
        "md5": "74f1c07e0bcd7811fd9d456a5f8667f8.wav",
        "sampleCount": 13184,
        "rate": 22050,
        "format": ""
    },
    {
        "name": "Ride Cymbal",
        "md5": "53badb02228d10494e0efdd1e839548d.wav",
        "sampleCount": 8144,
        "rate": 11025,
        "format": ""
    },
    {
        "name": "Rim Beatbox",
        "md5": "7ede1382b578d8fc32850b48d082d914.wav",
        "sampleCount": 4960,
        "rate": 22050,
        "format": ""
    },
    {
        "name": "Ripples",
        "md5": "d3c95a4ba37dcf90c8a57e8b2fd1632d.wav",
        "sampleCount": 21504,
        "rate": 11025,
        "format": ""
    },
    {
        "name": "Roll Cymbal",
        "md5": "da8355d753cd2a5ddd19cb2bb41c1547.wav",
        "sampleCount": 26432,
        "rate": 22050,
        "format": ""
    },
    {
        "name": "Rooster",
        "md5": "2e375acae2c7c0d655935a9de14b12f6.wav",
        "sampleCount": 17110,
        "rate": 11025,
        "format": ""
    },
    {
        "name": "Scratch Beatbox",
        "md5": "859249563a7b1fc0f6e92e36d1db81c7.wav",
        "sampleCount": 11552,
        "rate": 22050,
        "format": ""
    },
    {
        "name": "Scratching Beatbox",
        "md5": "859249563a7b1fc0f6e92e36d1db81c7.wav",
        "sampleCount": 11552,
        "rate": 22050,
        "format": ""
    },
    {
        "name": "Scratchy Beat",
        "md5": "289dc558e076971e74dd1a0bd55719b1.wav",
        "sampleCount": 44096,
        "rate": 22050,
        "format": ""
    },
    {
        "name": "Scream-female",
        "md5": "10420bb2f5a3ab440f3b10fc8ea2b08b.wav",
        "sampleCount": 6628,
        "rate": 11025,
        "format": ""
    },
    {
        "name": "Scream-male1",
        "md5": "e06e29398d770dae3cd57447439752ef.wav",
        "sampleCount": 17010,
        "rate": 22050,
        "format": ""
    },
    {
        "name": "Screech",
        "md5": "3676f478e5e3496034cf100d239160df.wav",
        "sampleCount": 28928,
        "rate": 11025,
        "format": ""
    },
    {
        "name": "Shaker",
        "md5": "714e598d28e493cc50babc17f2c4895d.wav",
        "sampleCount": 18560,
        "rate": 11025,
        "format": ""
    },
    {
        "name": "Sidestick Snare",
        "md5": "f6868ee5cf626fc4ef3ca1119dc95592.wav",
        "sampleCount": 2336,
        "rate": 22050,
        "format": ""
    },
    {
        "name": "Singer1",
        "md5": "92ee32e9be5ed7b69370fc38bb550597.wav",
        "sampleCount": 23653,
        "rate": 11025,
        "format": ""
    },
    {
        "name": "Singer2",
        "md5": "5d3d2865906889e866b3edf154e6cf5d.wav",
        "sampleCount": 28636,
        "rate": 11025,
        "format": ""
    },
    {
        "name": "Small Cowbell",
        "md5": "e29154f53f56f96f8a3292bdcddcec54.wav",
        "sampleCount": 9718,
        "rate": 22050,
        "format": "adpcm"
    },
    {
        "name": "Snap",
        "md5": "c2ff5da4d9d85dee866615f672b749ce.wav",
        "sampleCount": 15360,
        "rate": 22050,
        "format": ""
    },
    {
        "name": "Snare Beatbox",
        "md5": "c642c4c00135d890998f351faec55498.wav",
        "sampleCount": 5630,
        "rate": 22050,
        "format": "adpcm"
    },
    {
        "name": "Snare Beatbox2",
        "md5": "7ede1382b578d8fc32850b48d082d914.wav",
        "sampleCount": 4960,
        "rate": 22050,
        "format": ""
    },
    {
        "name": "Snare Drum",
        "md5": "c27fb569aba99c7203e954aecb1ed8e4.wav",
        "sampleCount": 2757,
        "rate": 22050,
        "format": "adpcm"
    },
    {
        "name": "Sneeze-female",
        "md5": "31600c613823710b66a74f4dd54c4cdd.wav",
        "sampleCount": 11818,
        "rate": 11025,
        "format": ""
    },
    {
        "name": "Sneeze-male",
        "md5": "42b5a31628083f3089f494f2ba644660.wav",
        "sampleCount": 15218,
        "rate": 22050,
        "format": ""
    },
    {
        "name": "Space Ripple",
        "md5": "ff8b8c3bf841a11fd5fe3afaa92be1b5.wav",
        "sampleCount": 41149,
        "rate": 11025,
        "format": ""
    },
    {
        "name": "Spiral",
        "md5": "c987c4e2c85d1a034ef047c2611aff25.wav",
        "sampleCount": 28672,
        "rate": 11025,
        "format": ""
    },
    {
        "name": "Splash Cymbal",
        "md5": "9d63ed5be96c43b06492e8b4a9cea8d8.wav",
        "sampleCount": 9600,
        "rate": 22050,
        "format": ""
    },
    {
        "name": "Spooky String",
        "md5": "6648b690e6e22c7504db7746879d51b4.wav",
        "sampleCount": 51376,
        "rate": 11025,
        "format": ""
    },
    {
        "name": "Squawk",
        "md5": "e140d7ff07de8fa35c3d1595bba835ac.wav",
        "sampleCount": 8208,
        "rate": 22050,
        "format": ""
    },
    {
        "name": "String Accent",
        "md5": "c1b5c86a10f43f87746b1c305d4fd8df.wav",
        "sampleCount": 16896,
        "rate": 11025,
        "format": ""
    },
    {
        "name": "String Pluck",
        "md5": "d658129427a96764819cb9bd52076860.wav",
        "sampleCount": 4976,
        "rate": 11025,
        "format": ""
    },
    {
        "name": "Suspense",
        "md5": "12f86e0188510860970e04df45370c1d.wav",
        "sampleCount": 16659,
        "rate": 11025,
        "format": ""
    },
    {
        "name": "Tambura",
        "md5": "c2109f07f83086ec863e70887ef55fb6.wav",
        "sampleCount": 22261,
        "rate": 11025,
        "format": ""
    },
    {
        "name": "Tap Conga",
        "md5": "fd9a67157f57f9cc6fe3cdce38a6d4a8.wav",
        "sampleCount": 6880,
        "rate": 22050,
        "format": ""
    },
    {
        "name": "Tap Snare",
        "md5": "d55b3954d72c6275917f375e49b502f3.wav",
        "sampleCount": 3296,
        "rate": 22050,
        "format": ""
    },
    {
        "name": "Techno",
        "md5": "8700dac70c8e08f4a5d21411980304bb.wav",
        "sampleCount": 175680,
        "rate": 22050,
        "format": "adpcm"
    },
    {
        "name": "Techno2",
        "md5": "693b428f3797561a11ad0ddbd897b5df.wav",
        "sampleCount": 327168,
        "rate": 22050,
        "format": "adpcm"
    },
    {
        "name": "Tom Drum",
        "md5": "5a8b8678d37a860dd6c08082d5cda3c2.wav",
        "sampleCount": 35803,
        "rate": 22050,
        "format": "adpcm"
    },
    {
        "name": "Triumph",
        "md5": "072f4d9a3dfd2a082d50ff90ac7dc8f2.wav",
        "sampleCount": 89280,
        "rate": 22050,
        "format": "adpcm"
    },
    {
        "name": "Trumpet1",
        "md5": "851c9e2c38e5e71922231a8f64c37e70.wav",
        "sampleCount": 25800,
        "rate": 11025,
        "format": ""
    },
    {
        "name": "Trumpet2",
        "md5": "dd73f891deca0241b800ed203408b6f3.wav",
        "sampleCount": 23424,
        "rate": 11025,
        "format": ""
    },
    {
        "name": "Wah Beatbox",
        "md5": "9021b7bb06f2399f18e2db4fb87095dc.wav",
        "sampleCount": 6624,
        "rate": 22050,
        "format": ""
    },
    {
        "name": "Water Drop",
        "md5": "aa488de9e2c871e9d4faecd246ed737a.wav",
        "sampleCount": 8136,
        "rate": 22050,
        "format": "adpcm"
    },
    {
        "name": "Whoop",
        "md5": "fbbbb76a2f53dae6ff1cf61b41f66038.wav",
        "sampleCount": 54400,
        "rate": 11025,
        "format": ""
    },
    {
        "name": "Wolf Howl",
        "md5": "5e36d74bb16aa5085b901362788b0fbf.wav",
        "sampleCount": 43008,
        "rate": 11025,
        "format": ""
    },
    {
        "name": "Wub Beatbox",
        "md5": "e1f32c057411da4237181ce72ae15d23.wav",
        "sampleCount": 7392,
        "rate": 22050,
        "format": ""
    },
    {
        "name": "Xylo1",
        "md5": "6ac484e97c1c1fe1384642e26a125e70.wav",
        "sampleCount": 238232,
        "rate": 22050,
        "format": "adpcm"
    },
    {
        "name": "Xylo2",
        "md5": "d38fc904a0acfc27854baf7335ed46f9.wav",
        "sampleCount": 246552,
        "rate": 22050,
        "format": "adpcm"
    },
    {
        "name": "Xylo3",
        "md5": "786a7a66e96c801ca2efed59b20bf025.wav",
        "sampleCount": 208832,
        "rate": 22050,
        "format": "adpcm"
    },
    {
        "name": "Xylo4",
        "md5": "b3ee7b6515eaf85aebab3c624c1423e9.wav",
        "sampleCount": 77184,
        "rate": 22050,
        "format": "adpcm"
    },
    {
        "name": "Ya",
        "md5": "30987bbe464eb8db1e4c781dc238f81c.wav",
        "sampleCount": 5691,
        "rate": 11025,
        "format": ""
    },
    {
        "name": "Zoop",
        "md5": "01f5372ddac43001a2db4c82d71f37bb.wav",
        "sampleCount": 2764,
        "rate": 11025,
        "format": ""
    }
]